month,day,hour,temp_out_c,solar_rad_w_m2,rh_out_pct
1,1,0,3.0,0.0,68.5
1,1,1,2.75,0.0,69.6
1,1,2,2.78,0.0,68.5
1,1,3,2.92,0.0,67.3
1,1,4,2.15,0.0,69.7
1,1,5,1.97,0.0,69.9
1,1,6,2.19,0.0,69.5
1,1,7,1.95,0.0,69.9
1,1,8,1.77,0.0,70.5
1,1,9,1.39,0.0,71.7
1,1,10,2.38,50.8,69.8
1,1,11,4.6,178.1,64.0
1,1,12,6.6,308.1,57.3
1,1,13,8.1,390.5,53.2
1,1,14,9.14,419.6,50.9
1,1,15,9.8,402.0,48.7
1,1,16,10.0,323.8,48.1
1,1,17,9.08,205.3,56.1
1,1,18,6.92,68.9,60.6
1,1,19,4.89,1.0,68.3
1,1,20,3.98,0.0,71.5
1,1,21,3.99,0.0,71.3
1,1,22,3.67,0.0,72.0
1,1,23,2.99,0.0,73.9
1,2,0,2.38,0.0,74.7
1,2,1,2.49,0.0,73.1
1,2,2,1.87,0.0,74.6
1,2,3,1.47,0.0,76.7
1,2,4,1.37,0.0,76.2
1,2,5,0.92,0.0,76.9
1,2,6,0.51,0.0,78.6
1,2,7,0.36,0.0,79.3
1,2,8,-0.11,0.0,80.3
1,2,9,0.05,0.0,78.8
1,2,10,1.44,49.8,75.1
1,2,11,4.09,176.0,68.1
1,2,12,6.35,293.5,59.2
1,2,13,8.01,375.1,54.5
1,2,14,9.31,416.2,51.3
1,2,15,9.94,394.2,52.1
1,2,16,10.34,313.4,51.8
1,2,17,9.16,193.7,61.9
1,2,18,7.02,64.2,67.9
1,2,19,5.48,1.0,71.6
1,2,20,5.24,0.0,72.3
1,2,21,5.01,0.0,72.8
1,2,22,4.92,0.0,73.5
1,2,23,4.31,0.0,75.7
1,3,0,3.89,0.0,76.9
1,3,1,3.74,0.0,77.4
1,3,2,3.56,0.0,78.4
1,3,3,3.43,0.0,79.0
1,3,4,2.84,0.0,80.2
1,3,5,2.83,0.0,79.4
1,3,6,2.23,0.0,81.3
1,3,7,1.9,0.0,82.8
1,3,8,1.62,0.0,84.4
1,3,9,1.3,0.0,86.2
1,3,10,2.34,38.3,84.0
1,3,11,4.57,132.5,78.8
1,3,12,6.57,228.5,73.1
1,3,13,8.14,294.5,68.2
1,3,14,9.08,313.4,66.2
1,3,15,9.7,304.6,63.1
1,3,16,9.92,248.1,63.7
1,3,17,9.06,168.0,69.9
1,3,18,7.71,56.5,70.7
1,3,19,6.17,0.8,75.4
1,3,20,5.06,0.0,77.7
1,3,21,4.52,0.0,78.4
1,3,22,4.2,0.0,78.6
1,3,23,3.77,0.0,79.6
1,4,0,3.31,0.0,80.1
1,4,1,3.22,0.0,80.1
1,4,2,3.49,0.0,78.7
1,4,3,3.1,0.0,79.9
1,4,4,2.64,0.0,80.3
1,4,5,2.6,0.0,80.2
1,4,6,2.59,0.0,80.4
1,4,7,2.06,0.0,81.3
1,4,8,2.1,0.0,81.3
1,4,9,1.9,0.0,81.1
1,4,10,3.15,38.8,79.1
1,4,11,5.23,136.7,75.1
1,4,12,7.21,218.0,68.1
1,4,13,8.78,301.3,62.6
1,4,14,9.76,314.3,60.2
1,4,15,10.56,298.4,60.2
1,4,16,10.75,237.5,61.1
1,4,17,9.87,136.1,68.8
1,4,18,8.61,48.1,70.0
1,4,19,6.47,0.8,76.0
1,4,20,5.08,0.0,78.7
1,4,21,4.24,0.0,80.0
1,4,22,3.74,0.0,81.2
1,4,23,3.34,0.0,81.7
1,5,0,3.2,0.0,82.0
1,5,1,3.32,0.0,82.5
1,5,2,2.69,0.0,85.5
1,5,3,3.26,0.0,83.4
1,5,4,2.83,0.0,83.7
1,5,5,2.17,0.0,85.5
1,5,6,1.59,0.0,87.5
1,5,7,1.54,0.0,86.8
1,5,8,1.46,0.0,87.1
1,5,9,1.6,0.0,86.5
1,5,10,2.68,41.4,84.6
1,5,11,4.55,144.8,81.8
1,5,12,6.47,250.3,75.0
1,5,13,8.14,330.1,68.1
1,5,14,9.23,367.0,64.6
1,5,15,9.61,351.8,63.2
1,5,16,9.81,275.6,62.9
1,5,17,9.06,169.4,69.3
1,5,18,7.06,59.9,74.1
1,5,19,5.88,0.8,77.7
1,5,20,5.17,0.0,78.4
1,5,21,4.45,0.0,80.5
1,5,22,4.37,0.0,81.0
1,5,23,3.84,0.0,82.4
1,6,0,3.23,0.0,84.3
1,6,1,3.01,0.0,84.6
1,6,2,2.87,0.0,83.8
1,6,3,2.78,0.0,83.0
1,6,4,2.66,0.0,81.5
1,6,5,2.44,0.0,80.8
1,6,6,2.44,0.0,80.6
1,6,7,2.09,0.0,81.0
1,6,8,1.85,0.0,81.5
1,6,9,1.95,0.0,79.9
1,6,10,3.11,38.9,75.4
1,6,11,5.29,151.9,67.4
1,6,12,6.82,253.0,62.9
1,6,13,8.19,333.4,60.1
1,6,14,9.27,372.1,55.8
1,6,15,9.94,350.8,55.3
1,6,16,9.94,282.9,57.4
1,6,17,8.91,183.8,63.7
1,6,18,6.96,67.3,68.1
1,6,19,5.08,1.7,73.4
1,6,20,4.67,0.0,74.5
1,6,21,3.93,0.0,76.0
1,6,22,3.66,0.0,76.2
1,6,23,3.5,0.0,77.2
1,7,0,3.1,0.0,77.7
1,7,1,3.0,0.0,76.9
1,7,2,2.67,0.0,78.1
1,7,3,3.13,0.0,76.9
1,7,4,3.07,0.0,76.9
1,7,5,2.42,0.0,78.6
1,7,6,2.52,0.0,77.6
1,7,7,2.27,0.0,77.3
1,7,8,1.9,0.0,77.9
1,7,9,1.91,0.0,76.5
1,7,10,2.55,43.8,74.6
1,7,11,4.51,153.5,69.8
1,7,12,6.25,264.8,65.0
1,7,13,7.42,358.4,59.3
1,7,14,8.25,396.9,55.5
1,7,15,8.5,354.7,53.8
1,7,16,8.25,274.1,54.8
1,7,17,7.36,177.6,60.0
1,7,18,5.57,61.4,64.0
1,7,19,4.59,1.5,67.2
1,7,20,4.18,0.0,68.2
1,7,21,3.7,0.0,70.3
1,7,22,3.49,0.0,70.7
1,7,23,2.88,0.0,73.5
1,8,0,2.77,0.0,73.1
1,8,1,2.61,0.0,72.6
1,8,2,1.93,0.0,74.4
1,8,3,1.63,0.0,75.2
1,8,4,1.78,0.0,73.9
1,8,5,1.39,0.0,74.8
1,8,6,1.01,0.0,75.5
1,8,7,0.97,0.0,75.5
1,8,8,0.99,0.0,75.3
1,8,9,0.75,0.0,76.2
1,8,10,1.47,48.2,74.7
1,8,11,3.67,167.4,68.1
1,8,12,5.58,281.3,60.7
1,8,13,7.09,361.1,55.9
1,8,14,8.25,395.0,52.8
1,8,15,8.67,377.9,52.4
1,8,16,8.86,299.5,53.3
1,8,17,7.96,195.0,61.8
1,8,18,5.67,75.7,67.2
1,8,19,4.34,2.0,70.4
1,8,20,3.64,0.0,73.0
1,8,21,3.29,0.0,74.1
1,8,22,3.15,0.0,74.2
1,8,23,2.42,0.0,76.3
1,9,0,2.2,0.0,76.8
1,9,1,1.89,0.0,77.0
1,9,2,1.82,0.0,76.7
1,9,3,1.4,0.0,76.7
1,9,4,1.94,0.0,75.6
1,9,5,1.69,0.0,76.8
1,9,6,1.49,0.0,76.3
1,9,7,1.4,0.0,75.6
1,9,8,1.39,0.0,76.2
1,9,9,1.34,0.0,77.0
1,9,10,1.99,33.7,74.8
1,9,11,3.57,124.9,71.3
1,9,12,5.08,220.6,65.5
1,9,13,6.17,286.6,62.1
1,9,14,6.97,300.2,61.2
1,9,15,7.46,312.5,62.3
1,9,16,7.71,246.2,62.2
1,9,17,7.21,160.3,65.5
1,9,18,5.54,57.7,71.3
1,9,19,4.52,1.7,76.1
1,9,20,4.35,0.0,77.0
1,9,21,3.72,0.0,79.4
1,9,22,3.45,0.0,80.3
1,9,23,3.65,0.0,79.8
1,10,0,3.48,0.0,79.5
1,10,1,3.2,0.0,78.6
1,10,2,2.76,0.0,80.3
1,10,3,2.72,0.0,81.7
1,10,4,2.64,0.0,83.4
1,10,5,2.69,0.0,82.1
1,10,6,2.61,0.0,82.2
1,10,7,2.16,0.0,83.6
1,10,8,2.11,0.0,84.3
1,10,9,2.09,0.0,85.5
1,10,10,3.05,27.9,83.7
1,10,11,4.59,98.7,80.0
1,10,12,5.97,165.0,76.4
1,10,13,7.1,216.4,73.6
1,10,14,8.03,237.6,71.8
1,10,15,8.3,232.2,72.3
1,10,16,8.6,199.0,71.7
1,10,17,8.04,129.3,74.3
1,10,18,6.28,52.5,81.9
1,10,19,5.95,1.8,80.8
1,10,20,4.96,0.0,83.3
1,10,21,4.65,0.0,84.0
1,10,22,4.72,0.0,84.4
1,10,23,4.13,0.0,86.0
1,11,0,3.63,0.0,85.6
1,11,1,2.92,0.0,87.2
1,11,2,3.0,0.0,85.7
1,11,3,2.9,0.0,85.0
1,11,4,2.85,0.0,84.6
1,11,5,3.02,0.0,83.4
1,11,6,2.53,0.0,84.3
1,11,7,2.23,0.0,86.6
1,11,8,1.99,0.0,86.2
1,11,9,1.98,0.0,85.8
1,11,10,2.92,36.1,83.4
1,11,11,4.77,129.9,80.8
1,11,12,6.5,209.4,74.6
1,11,13,7.82,276.2,70.7
1,11,14,8.85,310.0,67.2
1,11,15,9.44,297.0,66.9
1,11,16,9.63,240.4,66.5
1,11,17,8.99,154.6,69.8
1,11,18,7.56,62.1,75.2
1,11,19,6.32,2.4,79.4
1,11,20,5.65,0.0,80.0
1,11,21,4.75,0.0,81.9
1,11,22,4.37,0.0,82.6
1,11,23,4.09,0.0,83.6
1,12,0,3.74,0.0,84.9
1,12,1,3.14,0.0,86.5
1,12,2,2.5,0.0,88.5
1,12,3,3.17,0.0,86.4
1,12,4,2.65,0.0,88.0
1,12,5,2.42,0.0,87.5
1,12,6,2.25,0.0,86.5
1,12,7,1.84,0.0,85.4
1,12,8,2.01,0.0,83.1
1,12,9,2.09,0.0,82.9
1,12,10,3.26,37.0,78.9
1,12,11,4.64,131.4,74.3
1,12,12,6.17,236.5,68.7
1,12,13,7.32,303.7,63.3
1,12,14,8.25,343.7,60.0
1,12,15,8.66,321.7,60.0
1,12,16,8.78,273.5,59.7
1,12,17,8.35,178.4,60.5
1,12,18,6.92,71.6,66.6
1,12,19,5.47,3.0,71.0
1,12,20,4.19,0.0,74.5
1,12,21,3.1,0.0,76.6
1,12,22,2.56,0.0,77.6
1,12,23,1.89,0.0,78.7
1,13,0,1.73,0.0,77.7
1,13,1,1.47,0.0,77.4
1,13,2,1.41,0.0,76.5
1,13,3,1.39,0.0,76.9
1,13,4,1.19,0.0,76.5
1,13,5,0.74,0.0,77.9
1,13,6,0.16,0.0,80.1
1,13,7,0.39,0.0,78.3
1,13,8,0.24,0.0,78.8
1,13,9,0.26,0.0,79.0
1,13,10,1.55,49.9,76.2
1,13,11,3.65,168.6,71.3
1,13,12,5.36,280.9,64.5
1,13,13,6.68,343.5,60.2
1,13,14,7.83,402.0,56.9
1,13,15,8.34,388.8,55.4
1,13,16,8.76,321.5,54.6
1,13,17,8.36,210.7,56.0
1,13,18,6.84,86.4,63.7
1,13,19,5.3,3.9,67.0
1,13,20,4.47,0.0,70.7
1,13,21,3.32,0.0,74.5
1,13,22,2.55,0.0,76.4
1,13,23,2.15,0.0,76.7
1,14,0,2.05,0.0,75.7
1,14,1,1.4,0.0,77.3
1,14,2,0.78,0.0,79.8
1,14,3,1.01,0.0,79.0
1,14,4,0.68,0.0,79.5
1,14,5,0.02,0.0,81.6
1,14,6,-0.12,0.0,82.0
1,14,7,-0.14,0.0,81.7
1,14,8,-0.28,0.0,82.1
1,14,9,-0.46,0.0,83.7
1,14,10,0.74,50.5,81.1
1,14,11,2.98,160.3,76.2
1,14,12,5.03,270.3,68.3
1,14,13,6.64,352.2,61.5
1,14,14,7.77,377.7,57.3
1,14,15,8.3,374.2,55.6
1,14,16,8.56,286.1,53.7
1,14,17,7.69,182.2,59.8
1,14,18,5.57,77.3,68.9
1,14,19,4.01,4.1,74.5
1,14,20,3.38,0.0,74.9
1,14,21,2.62,0.0,75.5
1,14,22,2.41,0.0,76.1
1,14,23,2.28,0.0,77.4
1,15,0,1.89,0.0,78.8
1,15,1,1.77,0.0,78.9
1,15,2,1.39,0.0,81.1
1,15,3,1.81,0.0,79.4
1,15,4,0.97,0.0,82.5
1,15,5,0.38,0.0,84.9
1,15,6,-0.07,0.0,85.6
1,15,7,-0.15,0.0,84.0
1,15,8,-0.11,0.0,82.6
1,15,9,-0.51,0.0,83.5
1,15,10,1.41,51.2,77.6
1,15,11,3.91,172.2,69.1
1,15,12,6.37,294.9,60.3
1,15,13,7.8,368.6,55.6
1,15,14,8.63,400.7,53.1
1,15,15,9.08,379.3,52.8
1,15,16,9.2,311.4,52.8
1,15,17,8.26,204.5,58.2
1,15,18,6.66,88.4,63.8
1,15,19,4.85,4.8,69.1
1,15,20,3.17,0.0,75.0
1,15,21,2.41,0.0,76.5
1,15,22,1.66,0.0,78.1
1,15,23,1.36,0.0,79.1
1,16,0,1.57,0.0,77.3
1,16,1,1.63,0.0,78.0
1,16,2,1.37,0.0,78.6
1,16,3,1.54,0.0,79.6
1,16,4,1.28,0.0,80.1
1,16,5,1.14,0.0,81.6
1,16,6,1.19,0.0,82.7
1,16,7,0.99,0.0,84.2
1,16,8,0.64,0.0,86.5
1,16,9,0.64,0.0,86.5
1,16,10,1.85,43.8,85.5
1,16,11,3.84,148.5,81.9
1,16,12,5.77,252.1,75.1
1,16,13,7.07,324.7,69.8
1,16,14,8.12,365.9,64.7
1,16,15,8.2,341.6,66.6
1,16,16,8.5,271.0,65.7
1,16,17,8.03,177.8,67.4
1,16,18,6.64,72.1,71.3
1,16,19,5.02,4.7,74.4
1,16,20,3.71,0.0,78.0
1,16,21,2.55,0.0,80.4
1,16,22,2.34,0.0,79.8
1,16,23,1.52,0.0,81.8
1,17,0,1.63,0.0,79.6
1,17,1,1.35,0.0,80.4
1,17,2,1.08,0.0,80.8
1,17,3,1.16,0.0,80.6
1,17,4,1.2,0.0,80.3
1,17,5,1.19,0.0,80.2
1,17,6,0.84,0.0,81.2
1,17,7,0.78,0.0,82.3
1,17,8,0.32,0.0,83.6
1,17,9,0.21,0.0,84.0
1,17,10,1.61,55.0,81.7
1,17,11,4.02,173.7,72.6
1,17,12,6.06,275.6,65.1
1,17,13,7.68,347.3,60.0
1,17,14,8.96,375.6,57.6
1,17,15,9.46,357.6,57.4
1,17,16,9.64,300.5,57.8
1,17,17,8.9,206.5,61.8
1,17,18,6.42,91.4,70.9
1,17,19,5.54,5.8,72.8
1,17,20,4.47,0.0,75.8
1,17,21,4.15,0.0,76.4
1,17,22,4.17,0.0,76.1
1,17,23,3.71,0.0,76.7
1,18,0,3.19,0.0,78.3
1,18,1,3.24,0.0,77.5
1,18,2,3.03,0.0,76.3
1,18,3,2.75,0.0,77.1
1,18,4,3.02,0.0,76.1
1,18,5,2.88,0.0,75.7
1,18,6,3.03,0.0,74.3
1,18,7,2.89,0.0,73.8
1,18,8,2.87,0.0,74.0
1,18,9,2.64,0.0,75.2
1,18,10,3.59,42.3,73.9
1,18,11,5.41,138.7,67.8
1,18,12,6.91,247.0,61.5
1,18,13,7.96,315.4,58.1
1,18,14,8.84,361.0,54.8
1,18,15,9.3,336.4,55.8
1,18,16,9.37,270.5,56.2
1,18,17,8.74,192.4,59.6
1,18,18,7.16,84.2,66.7
1,18,19,5.28,6.3,70.8
1,18,20,4.45,0.0,72.4
1,18,21,4.0,0.0,72.2
1,18,22,3.46,0.0,73.6
1,18,23,3.57,0.0,72.8
1,19,0,3.24,0.0,73.7
1,19,1,2.84,0.0,75.9
1,19,2,2.3,0.0,78.3
1,19,3,1.76,0.0,80.0
1,19,4,2.34,0.0,76.2
1,19,5,2.05,0.0,77.5
1,19,6,2.44,0.0,75.6
1,19,7,2.35,0.0,75.6
1,19,8,1.91,0.0,76.9
1,19,9,1.96,0.0,76.0
1,19,10,3.07,51.4,74.2
1,19,11,5.14,167.6,69.1
1,19,12,6.62,271.0,64.1
1,19,13,7.92,341.4,59.5
1,19,14,8.99,381.7,57.3
1,19,15,9.74,364.7,54.3
1,19,16,10.14,301.3,52.9
1,19,17,9.69,209.6,55.2
1,19,18,7.96,89.3,64.0
1,19,19,5.93,7.2,70.5
1,19,20,4.15,0.0,77.6
1,19,21,3.81,0.0,79.0
1,19,22,3.23,0.0,81.8
1,19,23,2.82,0.0,82.8
1,20,0,3.26,0.0,80.4
1,20,1,3.19,0.0,80.1
1,20,2,3.11,0.0,80.1
1,20,3,3.32,0.0,76.0
1,20,4,3.08,0.0,77.4
1,20,5,2.88,0.0,77.9
1,20,6,2.89,0.0,77.7
1,20,7,2.65,0.0,78.0
1,20,8,2.28,0.0,77.0
1,20,9,2.07,0.0,77.9
1,20,10,2.86,42.9,76.0
1,20,11,4.65,141.4,70.3
1,20,12,6.21,245.7,65.8
1,20,13,7.68,326.3,61.8
1,20,14,8.82,372.0,58.0
1,20,15,9.21,339.9,57.2
1,20,16,9.45,275.1,57.3
1,20,17,8.96,192.7,58.7
1,20,18,7.46,86.2,64.9
1,20,19,5.83,7.5,69.3
1,20,20,3.94,0.0,77.0
1,20,21,3.49,0.0,77.9
1,20,22,3.3,0.0,78.5
1,20,23,2.86,0.0,79.6
1,21,0,1.79,0.0,83.8
1,21,1,0.82,0.0,87.4
1,21,2,0.86,0.0,87.0
1,21,3,1.18,0.0,86.0
1,21,4,1.3,0.0,83.9
1,21,5,1.3,0.0,83.2
1,21,6,0.89,0.0,85.3
1,21,7,0.82,0.0,85.9
1,21,8,0.75,0.0,86.1
1,21,9,0.73,0.0,86.5
1,21,10,1.9,47.5,83.6
1,21,11,4.03,159.6,76.9
1,21,12,5.72,250.8,71.9
1,21,13,7.22,355.2,65.6
1,21,14,8.43,393.8,61.0
1,21,15,8.55,377.9,63.2
1,21,16,8.94,309.7,62.8
1,21,17,8.45,200.8,65.8
1,21,18,6.78,90.6,73.1
1,21,19,5.23,7.8,76.3
1,21,20,4.48,0.0,77.3
1,21,21,3.34,0.0,81.2
1,21,22,2.61,0.0,82.0
1,21,23,2.2,0.0,82.7
1,22,0,1.93,0.0,83.4
1,22,1,1.37,0.0,84.8
1,22,2,0.81,0.0,85.6
1,22,3,0.98,0.0,84.6
1,22,4,1.39,0.0,81.6
1,22,5,1.19,0.0,80.9
1,22,6,0.7,0.0,80.9
1,22,7,0.41,0.0,81.6
1,22,8,0.64,0.0,79.5
1,22,9,0.29,0.0,80.5
1,22,10,1.85,58.9,76.0
1,22,11,4.45,191.8,67.3
1,22,12,6.12,307.4,62.0
1,22,13,7.43,386.6,58.0
1,22,14,8.38,430.7,54.9
1,22,15,8.96,422.6,53.4
1,22,16,9.09,331.9,55.2
1,22,17,8.62,227.8,56.5
1,22,18,6.95,106.1,63.6
1,22,19,5.38,10.4,67.5
1,22,20,3.96,0.0,72.2
1,22,21,3.97,0.0,70.6
1,22,22,3.61,0.0,72.2
1,22,23,3.2,0.0,74.3
1,23,0,2.59,0.0,76.3
1,23,1,1.93,0.0,79.0
1,23,2,1.86,0.0,78.9
1,23,3,2.32,0.0,78.3
1,23,4,1.74,0.0,78.9
1,23,5,1.87,0.0,77.5
1,23,6,1.51,0.0,78.1
1,23,7,1.43,0.0,78.0
1,23,8,1.52,0.0,77.4
1,23,9,1.26,0.5,79.9
1,23,10,2.94,52.2,74.9
1,23,11,4.88,159.9,68.9
1,23,12,6.42,259.4,64.6
1,23,13,7.68,349.5,62.6
1,23,14,8.38,372.5,62.0
1,23,15,8.93,362.4,60.8
1,23,16,8.89,271.8,62.4
1,23,17,8.01,180.7,67.7
1,23,18,6.38,82.0,75.0
1,23,19,4.38,9.3,78.6
1,23,20,4.15,0.0,76.6
1,23,21,4.09,0.0,75.8
1,23,22,2.91,0.0,80.9
1,23,23,2.52,0.0,81.8
1,24,0,2.35,0.0,81.6
1,24,1,2.41,0.0,80.4
1,24,2,2.44,0.0,80.0
1,24,3,2.57,0.0,76.5
1,24,4,2.98,0.0,75.7
1,24,5,2.63,0.0,76.1
1,24,6,2.99,0.0,74.5
1,24,7,2.59,0.0,76.2
1,24,8,2.19,0.0,77.4
1,24,9,1.64,0.7,79.3
1,24,10,2.62,60.7,78.6
1,24,11,4.65,186.7,72.0
1,24,12,6.35,300.2,65.5
1,24,13,7.74,384.5,58.7
1,24,14,8.47,388.2,56.5
1,24,15,9.03,359.0,54.7
1,24,16,9.26,295.3,53.4
1,24,17,8.94,203.4,55.0
1,24,18,7.71,93.7,60.6
1,24,19,5.83,10.6,68.2
1,24,20,4.68,0.0,71.8
1,24,21,4.02,0.0,74.7
1,24,22,3.62,0.0,75.0
1,24,23,3.76,0.0,74.2
1,25,0,3.57,0.0,74.5
1,25,1,2.92,0.0,78.1
1,25,2,3.0,0.0,77.6
1,25,3,3.09,0.0,76.9
1,25,4,2.9,0.0,78.7
1,25,5,3.03,0.0,78.1
1,25,6,2.54,0.0,80.0
1,25,7,2.42,0.0,81.4
1,25,8,2.2,0.0,82.3
1,25,9,2.02,0.6,82.1
1,25,10,3.1,46.7,79.7
1,25,11,4.79,133.9,72.6
1,25,12,6.29,227.8,66.6
1,25,13,7.45,299.3,61.8
1,25,14,8.37,342.5,58.4
1,25,15,8.68,335.5,55.8
1,25,16,8.96,268.9,56.3
1,25,17,8.55,183.7,58.9
1,25,18,7.51,89.0,64.5
1,25,19,5.57,11.6,69.0
1,25,20,4.05,0.0,74.1
1,25,21,3.42,0.0,76.1
1,25,22,3.36,0.0,74.8
1,25,23,3.16,0.0,74.4
1,26,0,2.61,0.0,75.3
1,26,1,2.18,0.0,76.1
1,26,2,1.81,0.0,77.0
1,26,3,2.41,0.0,75.4
1,26,4,2.37,0.0,74.1
1,26,5,1.93,0.0,75.2
1,26,6,1.79,0.0,75.7
1,26,7,1.56,0.0,75.8
1,26,8,1.38,0.0,76.5
1,26,9,1.33,0.6,76.0
1,26,10,2.44,49.0,73.9
1,26,11,4.19,137.1,66.7
1,26,12,5.65,221.1,62.5
1,26,13,6.91,291.5,59.1
1,26,14,7.68,298.9,58.1
1,26,15,8.34,279.9,56.1
1,26,16,8.65,248.3,57.3
1,26,17,8.24,180.1,60.1
1,26,18,6.44,86.4,68.3
1,26,19,4.87,11.0,74.8
1,26,20,4.81,0.0,73.8
1,26,21,3.74,0.0,77.5
1,26,22,3.4,0.0,78.1
1,26,23,3.17,0.0,78.0
1,27,0,2.89,0.0,77.4
1,27,1,2.58,0.0,77.5
1,27,2,2.15,0.0,78.6
1,27,3,2.46,0.0,77.8
1,27,4,2.55,0.0,77.9
1,27,5,2.17,0.0,78.7
1,27,6,1.61,0.0,81.4
1,27,7,1.61,0.0,82.4
1,27,8,1.66,0.0,82.6
1,27,9,1.68,0.9,83.4
1,27,10,2.89,44.3,81.1
1,27,11,4.32,134.1,76.3
1,27,12,5.54,215.6,70.6
1,27,13,6.69,281.2,67.1
1,27,14,8.06,375.8,63.7
1,27,15,8.74,373.7,61.4
1,27,16,9.41,337.5,61.3
1,27,17,9.15,243.1,62.9
1,27,18,7.4,121.3,73.7
1,27,19,6.21,16.6,73.2
1,27,20,4.87,0.0,76.9
1,27,21,3.86,0.0,80.0
1,27,22,3.18,0.0,82.1
1,27,23,2.67,0.0,82.3
1,28,0,2.59,0.0,80.6
1,28,1,1.84,0.0,82.4
1,28,2,1.12,0.0,84.6
1,28,3,1.01,0.0,83.8
1,28,4,0.84,0.0,82.1
1,28,5,0.64,0.0,82.1
1,28,6,0.44,0.0,81.2
1,28,7,0.02,0.0,82.5
1,28,8,0.14,0.0,81.4
1,28,9,0.04,1.0,81.5
1,28,10,1.37,72.1,79.9
1,28,11,3.94,205.8,72.2
1,28,12,6.43,342.3,61.2
1,28,13,8.31,443.4,53.7
1,28,14,9.57,480.7,50.1
1,28,15,10.04,443.7,49.4
1,28,16,10.6,380.9,48.0
1,28,17,10.22,275.1,49.8
1,28,18,8.1,135.7,61.0
1,28,19,5.43,18.3,67.4
1,28,20,4.47,0.0,69.5
1,28,21,4.35,0.0,70.6
1,28,22,3.67,0.0,73.6
1,28,23,2.81,0.0,76.4
1,29,0,2.13,0.0,78.1
1,29,1,1.35,0.0,80.4
1,29,2,1.54,0.0,78.9
1,29,3,1.7,0.0,78.7
1,29,4,2.09,0.0,77.7
1,29,5,1.72,0.0,78.5
1,29,6,1.84,0.0,78.6
1,29,7,1.84,0.0,77.1
1,29,8,1.09,0.0,80.0
1,29,9,1.32,1.2,78.4
1,29,10,2.96,55.3,77.4
1,29,11,5.03,161.6,70.7
1,29,12,7.04,264.4,64.7
1,29,13,8.59,337.1,60.7
1,29,14,9.6,369.1,58.6
1,29,15,10.41,355.6,55.6
1,29,16,10.54,282.2,56.8
1,29,17,9.84,201.0,60.8
1,29,18,8.39,101.7,67.1
1,29,19,6.91,14.6,71.0
1,29,20,5.65,0.0,74.9
1,29,21,4.88,0.0,77.1
1,29,22,4.61,0.0,77.1
1,29,23,4.42,0.0,77.6
1,30,0,3.61,0.0,81.3
1,30,1,3.21,0.0,82.2
1,30,2,3.29,0.0,80.8
1,30,3,3.36,0.0,80.4
1,30,4,2.71,0.0,82.7
1,30,5,2.53,0.0,83.5
1,30,6,2.16,0.0,84.3
1,30,7,1.89,0.0,86.1
1,30,8,1.67,0.0,86.2
1,30,9,1.74,1.6,85.3
1,30,10,3.51,67.9,81.4
1,30,11,5.87,199.5,75.5
1,30,12,7.74,311.5,68.9
1,30,13,9.07,373.7,63.7
1,30,14,10.21,397.6,59.9
1,30,15,10.82,388.5,56.3
1,30,16,11.17,352.7,55.0
1,30,17,10.83,247.7,56.5
1,30,18,8.7,125.3,72.9
1,30,19,6.97,18.3,73.4
1,30,20,6.05,0.0,76.0
1,30,21,5.15,0.0,78.2
1,30,22,4.51,0.0,79.2
1,30,23,4.73,0.0,76.7
1,31,0,3.67,0.0,80.2
1,31,1,3.28,0.0,80.7
1,31,2,3.01,0.0,80.4
1,31,3,3.1,0.0,80.3
1,31,4,2.8,0.0,80.8
1,31,5,2.08,0.0,83.0
1,31,6,2.12,0.0,83.2
1,31,7,1.69,0.0,84.1
1,31,8,1.73,0.0,83.1
1,31,9,1.77,1.7,82.9
1,31,10,3.34,67.6,80.2
1,31,11,5.65,182.5,74.9
1,31,12,7.7,287.5,66.4
1,31,13,9.12,380.6,61.6
1,31,14,10.14,399.0,58.8
1,31,15,10.74,378.9,55.8
1,31,16,10.75,308.0,58.3
1,31,17,10.28,227.1,63.4
1,31,18,9.16,120.9,69.0
1,31,19,7.26,18.9,74.2
1,31,20,6.01,0.0,78.3
1,31,21,5.6,0.0,79.0
1,31,22,5.06,0.0,79.6
1,31,23,3.93,0.0,82.6
2,1,0,3.8,0.0,81.9
2,1,1,3.55,0.0,81.6
2,1,2,3.49,0.0,81.1
2,1,3,3.42,0.0,80.4
2,1,4,2.61,0.0,83.0
2,1,5,2.5,0.0,82.9
2,1,6,2.39,0.0,83.7
2,1,7,2.08,0.0,84.8
2,1,8,2.15,0.0,83.9
2,1,9,1.92,1.8,85.3
2,1,10,3.61,71.6,82.4
2,1,11,6.18,205.0,75.8
2,1,12,8.35,319.5,69.0
2,1,13,10.28,435.1,63.9
2,1,14,11.64,463.8,61.3
2,1,15,12.58,450.0,59.2
2,1,16,13.05,360.2,58.6
2,1,17,12.92,269.9,62.7
2,1,18,11.08,143.6,71.7
2,1,19,8.99,22.8,73.7
2,1,20,7.56,0.0,76.8
2,1,21,6.44,0.0,79.7
2,1,22,6.13,0.0,79.7
2,1,23,5.67,0.0,81.6
2,2,0,5.36,0.0,81.6
2,2,1,4.77,0.0,83.4
2,2,2,4.79,0.0,81.8
2,2,3,4.53,0.0,82.6
2,2,4,4.27,0.0,83.4
2,2,5,3.9,0.0,84.1
2,2,6,3.38,0.0,85.9
2,2,7,2.98,0.0,87.1
2,2,8,3.1,0.0,86.8
2,2,9,3.1,2.5,86.2
2,2,10,4.33,72.8,83.3
2,2,11,6.94,200.8,75.7
2,2,12,9.33,330.4,68.1
2,2,13,11.3,426.3,61.7
2,2,14,12.69,472.2,58.2
2,2,15,13.18,445.4,56.6
2,2,16,13.57,381.3,57.8
2,2,17,13.24,273.1,62.2
2,2,18,11.64,133.2,68.7
2,2,19,9.83,21.6,73.4
2,2,20,7.84,0.0,80.1
2,2,21,7.19,0.0,81.4
2,2,22,6.33,0.0,83.9
2,2,23,4.94,0.0,86.7
2,3,0,4.81,0.0,86.2
2,3,1,4.41,0.0,86.3
2,3,2,3.88,0.0,86.9
2,3,3,3.99,0.0,85.9
2,3,4,4.01,0.0,85.2
2,3,5,3.6,0.0,86.8
2,3,6,3.12,0.0,88.9
2,3,7,2.89,0.0,90.1
2,3,8,2.67,0.0,89.6
2,3,9,2.79,2.4,89.0
2,3,10,4.86,82.0,84.8
2,3,11,7.6,206.7,77.8
2,3,12,9.85,341.2,67.7
2,3,13,11.5,422.9,61.1
2,3,14,12.68,468.7,56.8
2,3,15,13.45,466.6,54.6
2,3,16,13.99,395.1,52.2
2,3,17,13.53,283.1,56.4
2,3,18,12.04,149.1,65.3
2,3,19,8.92,26.6,73.3
2,3,20,7.4,0.0,77.6
2,3,21,7.26,0.0,77.9
2,3,22,6.97,0.0,78.1
2,3,23,6.57,0.0,78.7
2,4,0,6.19,0.0,79.9
2,4,1,5.44,0.0,81.9
2,4,2,5.16,0.0,83.1
2,4,3,5.16,0.0,83.4
2,4,4,4.84,0.0,84.2
2,4,5,4.45,0.0,85.9
2,4,6,4.62,0.0,85.4
2,4,7,4.08,0.0,87.2
2,4,8,3.93,0.0,88.3
2,4,9,4.14,2.3,87.8
2,4,10,5.73,63.8,84.2
2,4,11,8.08,178.8,77.6
2,4,12,9.97,283.3,71.8
2,4,13,11.52,359.1,68.3
2,4,14,12.83,406.4,64.7
2,4,15,13.79,428.9,60.6
2,4,16,14.12,351.2,60.6
2,4,17,13.54,239.1,63.5
2,4,18,12.22,135.2,73.3
2,4,19,9.9,24.4,79.4
2,4,20,9.05,0.0,83.3
2,4,21,8.27,0.0,85.8
2,4,22,7.25,0.0,86.4
2,4,23,6.43,0.0,85.0
2,5,0,6.16,0.0,83.0
2,5,1,6.2,0.0,81.9
2,5,2,5.4,0.0,83.3
2,5,3,5.73,0.0,81.4
2,5,4,5.46,0.0,80.2
2,5,5,4.89,0.0,80.6
2,5,6,4.41,0.0,81.1
2,5,7,3.99,0.0,80.4
2,5,8,3.96,0.0,78.6
2,5,9,3.78,3.3,78.8
2,5,10,4.95,70.5,77.3
2,5,11,6.96,192.0,71.1
2,5,12,8.67,295.3,65.0
2,5,13,10.27,381.0,60.3
2,5,14,11.46,423.5,56.7
2,5,15,11.94,409.3,55.4
2,5,16,12.35,342.7,54.4
2,5,17,12.31,262.2,55.4
2,5,18,10.67,135.7,65.5
2,5,19,8.75,27.0,66.6
2,5,20,7.72,0.0,68.2
2,5,21,7.06,0.0,70.0
2,5,22,6.78,0.0,71.8
2,5,23,5.93,0.0,75.3
2,6,0,5.91,0.0,75.6
2,6,1,5.33,0.0,78.4
2,6,2,4.93,0.0,79.9
2,6,3,5.53,0.0,78.4
2,6,4,5.2,0.0,79.1
2,6,5,4.9,0.0,79.9
2,6,6,4.65,0.0,79.6
2,6,7,4.6,0.0,78.5
2,6,8,4.34,0.0,78.9
2,6,9,4.18,3.1,80.4
2,6,10,5.38,66.8,79.0
2,6,11,7.31,173.2,72.0
2,6,12,8.84,285.5,66.8
2,6,13,10.32,393.9,62.2
2,6,14,11.31,425.8,59.4
2,6,15,11.79,414.4,59.4
2,6,16,12.07,340.6,57.8
2,6,17,11.84,255.7,59.6
2,6,18,10.91,138.4,64.2
2,6,19,9.21,27.1,69.2
2,6,20,7.83,0.0,72.1
2,6,21,6.81,0.0,75.0
2,6,22,5.81,0.0,77.5
2,6,23,5.22,0.0,78.5
2,7,0,5.14,0.0,78.0
2,7,1,4.6,0.0,80.2
2,7,2,4.26,0.0,82.6
2,7,3,3.95,0.0,82.2
2,7,4,4.08,0.0,80.2
2,7,5,3.74,0.0,81.4
2,7,6,3.63,0.0,81.9
2,7,7,3.61,0.0,81.0
2,7,8,3.37,0.0,81.0
2,7,9,3.0,3.8,82.8
2,7,10,4.39,79.8,80.6
2,7,11,6.73,204.8,72.7
2,7,12,8.65,338.5,67.3
2,7,13,9.96,396.5,65.2
2,7,14,11.12,449.2,62.6
2,7,15,11.41,413.5,61.0
2,7,16,11.6,333.5,61.4
2,7,17,11.23,224.3,64.4
2,7,18,10.25,133.9,69.5
2,7,19,8.73,26.4,73.9
2,7,20,7.84,0.0,75.9
2,7,21,6.56,0.0,81.1
2,7,22,6.09,0.0,83.1
2,7,23,5.84,0.0,84.7
2,8,0,4.99,0.0,86.2
2,8,1,5.15,0.0,82.7
2,8,2,5.24,0.0,81.2
2,8,3,5.14,0.0,84.1
2,8,4,4.55,0.0,84.6
2,8,5,4.26,0.0,84.7
2,8,6,4.08,0.0,84.4
2,8,7,3.73,0.0,84.6
2,8,8,3.68,0.0,83.7
2,8,9,3.91,4.1,82.8
2,8,10,5.18,65.7,81.7
2,8,11,6.87,171.8,74.7
2,8,12,8.05,251.1,70.6
2,8,13,9.49,360.4,64.7
2,8,14,10.28,378.6,62.4
2,8,15,10.94,379.3,58.6
2,8,16,11.03,329.7,59.0
2,8,17,10.97,266.9,58.1
2,8,18,9.88,146.7,68.1
2,8,19,7.8,33.6,72.6
2,8,20,6.9,0.0,75.6
2,8,21,6.03,0.0,77.9
2,8,22,5.35,0.0,76.2
2,8,23,5.22,0.0,74.3
2,9,0,4.59,0.0,76.5
2,9,1,4.21,0.0,77.4
2,9,2,3.99,0.0,77.9
2,9,3,4.21,0.0,75.4
2,9,4,3.63,0.0,76.2
2,9,5,3.31,0.0,76.4
2,9,6,3.04,0.0,76.3
2,9,7,2.71,0.0,77.6
2,9,8,2.49,0.0,78.8
2,9,9,2.55,5.2,79.9
2,9,10,4.24,85.2,75.8
2,9,11,6.53,204.4,66.7
2,9,12,8.3,312.0,62.0
2,9,13,9.59,372.9,60.5
2,9,14,10.54,405.2,58.7
2,9,15,11.39,412.9,53.9
2,9,16,11.68,366.6,53.7
2,9,17,11.4,262.7,56.4
2,9,18,10.23,140.1,66.8
2,9,19,8.16,31.9,70.6
2,9,20,6.6,0.0,76.8
2,9,21,5.2,0.0,81.4
2,9,22,4.88,0.0,80.9
2,9,23,4.72,0.0,80.7
2,10,0,4.18,0.0,81.8
2,10,1,3.68,0.0,83.0
2,10,2,3.47,0.0,82.9
2,10,3,3.41,0.0,80.3
2,10,4,2.93,0.0,80.3
2,10,5,2.9,0.0,80.0
2,10,6,2.51,0.0,81.5
2,10,7,2.1,0.0,82.6
2,10,8,1.84,0.0,83.9
2,10,9,1.86,5.9,85.5
2,10,10,4.0,85.3,80.6
2,10,11,6.37,208.1,72.2
2,10,12,8.18,308.4,65.9
2,10,13,9.69,394.4,62.1
2,10,14,10.76,399.1,59.0
2,10,15,11.17,394.1,57.2
2,10,16,11.57,326.9,56.7
2,10,17,11.25,241.5,58.3
2,10,18,9.75,135.5,66.5
2,10,19,7.6,32.0,72.9
2,10,20,6.41,0.0,77.6
2,10,21,5.63,0.0,79.6
2,10,22,5.54,0.0,80.0
2,10,23,5.04,0.0,81.2
2,11,0,4.61,0.0,83.0
2,11,1,3.98,0.0,85.6
2,11,2,3.99,0.0,85.6
2,11,3,3.85,0.0,86.1
2,11,4,4.02,0.0,85.4
2,11,5,3.41,0.0,87.2
2,11,6,3.03,0.0,88.3
2,11,7,2.81,0.0,88.2
2,11,8,2.76,0.0,86.6
2,11,9,3.19,6.3,84.7
2,11,10,5.05,91.8,80.2
2,11,11,7.27,214.2,71.3
2,11,12,8.98,308.8,64.6
2,11,13,10.48,395.2,59.1
2,11,14,11.48,432.9,56.4
2,11,15,12.22,415.3,52.2
2,11,16,12.42,361.2,53.2
2,11,17,11.8,256.9,56.2
2,11,18,10.81,142.1,59.6
2,11,19,9.04,34.8,66.7
2,11,20,7.44,0.0,71.8
2,11,21,6.46,0.0,73.5
2,11,22,5.55,0.0,76.4
2,11,23,5.47,0.0,75.6
2,12,0,4.69,0.0,77.6
2,12,1,4.12,0.0,79.8
2,12,2,3.73,0.0,81.1
2,12,3,4.16,0.0,80.3
2,12,4,3.42,0.0,81.5
2,12,5,3.2,0.0,82.3
2,12,6,2.63,0.0,82.2
2,12,7,2.72,0.0,80.2
2,12,8,1.98,0.0,82.7
2,12,9,2.12,7.8,82.9
2,12,10,4.14,103.0,75.2
2,12,11,6.38,234.7,67.3
2,12,12,7.95,330.9,60.4
2,12,13,9.21,417.2,55.9
2,12,14,10.06,447.1,52.3
2,12,15,10.82,436.0,51.9
2,12,16,10.95,376.3,51.1
2,12,17,10.7,277.4,52.9
2,12,18,9.46,152.8,61.3
2,12,19,7.62,39.0,65.4
2,12,20,6.69,0.0,68.9
2,12,21,5.32,0.0,74.6
2,12,22,4.73,0.0,76.0
2,12,23,3.84,0.0,78.5
2,13,0,3.89,0.0,77.9
2,13,1,4.14,0.0,77.5
2,13,2,3.96,0.0,77.9
2,13,3,3.78,0.0,77.8
2,13,4,3.78,0.0,78.1
2,13,5,3.69,0.0,78.0
2,13,6,3.14,0.0,78.7
2,13,7,2.91,0.0,78.7
2,13,8,2.8,0.0,78.0
2,13,9,2.72,7.0,78.2
2,13,10,4.26,85.7,75.3
2,13,11,6.18,203.4,69.6
2,13,12,7.67,305.4,65.3
2,13,13,8.71,361.1,61.8
2,13,14,9.52,388.3,59.1
2,13,15,9.32,384.3,59.7
2,13,16,9.65,334.7,58.7
2,13,17,9.53,241.9,59.0
2,13,18,8.88,130.2,66.4
2,13,19,7.29,35.4,71.2
2,13,20,5.76,0.0,75.5
2,13,21,4.61,0.0,79.9
2,13,22,4.14,0.0,80.9
2,13,23,3.49,0.0,82.7
2,14,0,3.26,0.0,84.2
2,14,1,3.24,0.0,83.3
2,14,2,2.6,0.0,84.7
2,14,3,2.63,0.0,83.4
2,14,4,2.6,0.0,82.6
2,14,5,2.23,0.0,84.1
2,14,6,1.99,0.0,84.6
2,14,7,1.49,0.0,85.8
2,14,8,1.34,0.0,86.1
2,14,9,2.02,8.3,85.6
2,14,10,3.89,91.6,81.4
2,14,11,6.15,233.4,72.8
2,14,12,7.69,359.7,66.3
2,14,13,8.99,457.1,62.8
2,14,14,9.93,477.7,60.2
2,14,15,10.38,478.6,57.9
2,14,16,10.62,415.5,57.4
2,14,17,10.22,307.6,58.7
2,14,18,9.15,172.9,65.3
2,14,19,6.99,45.5,72.3
2,14,20,5.97,0.0,74.0
2,14,21,5.18,0.0,75.8
2,14,22,4.63,0.0,77.3
2,14,23,3.89,0.0,79.5
2,15,0,3.46,0.0,80.6
2,15,1,3.32,0.0,80.4
2,15,2,3.07,0.0,81.4
2,15,3,3.63,0.0,79.1
2,15,4,2.82,0.0,82.2
2,15,5,2.1,0.0,83.3
2,15,6,1.97,0.0,81.8
2,15,7,1.69,0.0,80.5
2,15,8,1.43,0.0,80.7
2,15,9,2.15,9.8,79.6
2,15,10,4.43,109.9,75.0
2,15,11,6.62,254.6,67.6
2,15,12,8.35,386.0,61.4
2,15,13,9.82,482.9,56.5
2,15,14,10.97,525.1,51.9
2,15,15,11.3,505.4,52.7
2,15,16,11.83,432.9,51.1
2,15,17,11.45,302.2,53.6
2,15,18,10.3,170.2,63.4
2,15,19,8.36,44.7,66.4
2,15,20,6.49,0.0,71.2
2,15,21,5.88,0.0,72.0
2,15,22,5.38,0.0,73.1
2,15,23,5.1,0.0,72.4
2,16,0,4.95,0.0,73.1
2,16,1,4.06,0.0,75.6
2,16,2,3.81,0.0,76.1
2,16,3,3.26,0.0,79.4
2,16,4,3.7,0.0,78.1
2,16,5,3.01,0.0,80.7
2,16,6,3.0,0.0,80.4
2,16,7,2.88,0.0,80.2
2,16,8,2.16,0.0,83.0
2,16,9,2.34,11.6,83.9
2,16,10,4.64,111.9,78.7
2,16,11,6.89,249.3,69.6
2,16,12,8.74,382.6,62.7
2,16,13,10.3,495.7,57.6
2,16,14,11.47,531.5,54.9
2,16,15,11.78,524.4,53.9
2,16,16,12.16,446.9,55.0
2,16,17,12.11,340.8,55.2
2,16,18,11.22,200.8,62.7
2,16,19,8.89,56.6,68.3
2,16,20,6.81,0.0,77.0
2,16,21,5.98,0.0,78.4
2,16,22,5.24,0.0,81.2
2,16,23,5.05,0.0,81.6
2,17,0,4.48,0.0,84.5
2,17,1,4.05,0.0,86.7
2,17,2,3.76,0.0,86.9
2,17,3,3.4,0.0,88.8
2,17,4,3.2,0.0,89.0
2,17,5,3.35,0.0,87.9
2,17,6,3.23,0.0,86.8
2,17,7,2.95,0.0,87.7
2,17,8,2.64,0.0,88.4
2,17,9,2.91,12.4,88.6
2,17,10,4.96,113.0,83.1
2,17,11,6.98,244.9,77.1
2,17,12,8.76,370.0,70.5
2,17,13,10.36,468.1,63.7
2,17,14,11.52,510.3,60.0
2,17,15,12.07,509.8,56.4
2,17,16,12.71,449.8,54.6
2,17,17,12.66,346.5,55.9
2,17,18,11.47,201.7,66.0
2,17,19,9.49,55.6,69.3
2,17,20,7.77,0.0,74.6
2,17,21,6.26,0.0,80.8
2,17,22,5.54,0.0,84.1
2,17,23,5.28,0.0,84.7
2,18,0,4.31,0.0,87.5
2,18,1,4.16,0.0,88.8
2,18,2,3.97,0.0,89.5
2,18,3,3.69,0.0,92.1
2,18,4,3.8,0.0,91.3
2,18,5,3.56,0.0,90.5
2,18,6,2.99,0.0,90.8
2,18,7,2.69,0.0,91.6
2,18,8,2.53,0.0,92.0
2,18,9,2.85,13.7,90.5
2,18,10,5.0,119.6,84.8
2,18,11,7.24,253.1,74.9
2,18,12,9.18,385.0,66.9
2,18,13,11.03,489.1,60.0
2,18,14,12.59,557.6,53.4
2,18,15,13.67,564.8,45.3
2,18,16,14.25,494.5,45.0
2,18,17,14.08,353.0,46.6
2,18,18,12.96,208.0,54.7
2,18,19,10.15,59.6,63.9
2,18,20,7.59,0.0,72.8
2,18,21,6.36,0.0,75.4
2,18,22,6.04,0.0,75.1
2,18,23,5.53,0.0,75.4
2,19,0,4.4,0.0,79.1
2,19,1,4.4,0.0,78.5
2,19,2,3.76,0.0,81.5
2,19,3,4.08,0.0,79.6
2,19,4,4.02,0.0,80.3
2,19,5,3.35,0.0,82.8
2,19,6,3.29,0.0,83.9
2,19,7,3.37,0.0,82.4
2,19,8,3.48,0.0,80.6
2,19,9,3.92,15.1,79.2
2,19,10,5.89,125.9,75.6
2,19,11,8.29,261.4,67.8
2,19,12,10.23,395.4,61.6
2,19,13,11.75,478.7,57.9
2,19,14,12.87,496.6,56.5
2,19,15,13.62,482.6,53.0
2,19,16,14.06,416.3,53.7
2,19,17,13.9,330.2,57.5
2,19,18,12.79,198.7,64.3
2,19,19,9.69,59.8,73.1
2,19,20,7.48,0.0,80.3
2,19,21,6.44,0.0,82.6
2,19,22,6.17,0.0,82.9
2,19,23,6.04,0.0,83.1
2,20,0,5.92,0.0,83.8
2,20,1,5.69,0.0,85.0
2,20,2,5.53,0.0,85.7
2,20,3,5.42,0.0,84.5
2,20,4,4.81,0.0,86.2
2,20,5,5.2,0.0,84.3
2,20,6,4.92,0.0,85.1
2,20,7,4.83,0.0,86.0
2,20,8,4.67,0.0,86.2
2,20,9,4.55,13.2,87.8
2,20,10,6.34,100.9,83.9
2,20,11,8.44,209.0,77.4
2,20,12,10.23,326.5,70.4
2,20,13,11.45,389.9,66.0
2,20,14,12.46,445.1,60.1
2,20,15,13.0,428.1,58.8
2,20,16,13.18,375.0,58.1
2,20,17,12.83,289.8,60.2
2,20,18,11.53,162.7,69.3
2,20,19,9.83,49.2,72.8
2,20,20,8.99,0.0,75.0
2,20,21,8.04,0.0,76.4
2,20,22,7.42,0.0,77.4
2,20,23,6.66,0.0,78.2
2,21,0,5.78,0.0,80.8
2,21,1,5.27,0.0,82.0
2,21,2,5.26,0.0,81.5
2,21,3,5.36,0.0,78.5
2,21,4,5.23,0.0,79.2
2,21,5,4.66,0.0,80.3
2,21,6,4.14,0.0,82.0
2,21,7,3.67,0.0,83.5
2,21,8,3.81,0.0,82.3
2,21,9,4.1,16.7,83.3
2,21,10,6.2,128.9,81.3
2,21,11,8.69,276.2,71.9
2,21,12,10.47,397.9,65.2
2,21,13,11.92,489.4,60.3
2,21,14,13.0,523.8,57.4
2,21,15,13.88,504.9,52.7
2,21,16,14.21,440.0,51.7
2,21,17,13.98,330.3,53.1
2,21,18,13.19,200.3,60.0
2,21,19,11.95,63.5,62.5
2,21,20,9.78,0.6,72.4
2,21,21,7.9,0.0,79.6
2,21,22,7.26,0.0,80.7
2,21,23,6.44,0.0,83.7
2,22,0,6.15,0.0,84.3
2,22,1,5.68,0.0,85.9
2,22,2,5.52,0.0,85.8
2,22,3,5.27,0.0,83.2
2,22,4,5.37,0.0,84.2
2,22,5,4.96,0.0,86.0
2,22,6,5.08,0.0,84.4
2,22,7,4.6,0.0,85.8
2,22,8,4.41,0.0,85.0
2,22,9,4.73,17.8,87.1
2,22,10,6.97,115.3,80.9
2,22,11,9.04,241.3,74.4
2,22,12,10.89,373.2,67.1
2,22,13,12.43,457.1,61.2
2,22,14,13.47,489.2,59.1
2,22,15,14.11,465.4,55.7
2,22,16,14.42,399.2,55.1
2,22,17,13.87,287.3,61.0
2,22,18,13.03,168.8,67.1
2,22,19,11.35,52.5,71.9
2,22,20,9.15,0.7,80.2
2,22,21,8.12,0.0,83.3
2,22,22,7.19,0.0,85.1
2,22,23,6.22,0.0,88.2
2,23,0,6.12,0.0,88.2
2,23,1,6.31,0.0,86.7
2,23,2,6.37,0.0,85.9
2,23,3,6.79,0.0,84.6
2,23,4,6.19,0.0,87.5
2,23,5,6.11,0.0,87.7
2,23,6,5.95,0.0,87.4
2,23,7,5.59,0.0,86.1
2,23,8,5.22,0.0,86.8
2,23,9,5.33,15.8,87.5
2,23,10,6.92,104.9,83.2
2,23,11,8.93,221.4,75.9
2,23,12,10.57,332.9,70.0
2,23,13,11.95,399.0,65.6
2,23,14,13.2,467.9,62.1
2,23,15,13.71,461.9,59.9
2,23,16,14.14,384.5,59.0
2,23,17,13.98,283.9,59.9
2,23,18,13.23,179.4,64.9
2,23,19,11.61,60.6,68.9
2,23,20,9.17,0.8,78.3
2,23,21,8.52,0.0,80.7
2,23,22,8.05,0.0,81.5
2,23,23,7.5,0.0,84.1
2,24,0,7.16,0.0,84.4
2,24,1,7.21,0.0,83.3
2,24,2,6.72,0.0,83.3
2,24,3,7.17,0.0,81.9
2,24,4,7.02,0.0,81.0
2,24,5,6.61,0.0,81.9
2,24,6,6.09,0.0,83.8
2,24,7,5.91,0.0,84.9
2,24,8,5.61,0.0,84.8
2,24,9,6.15,19.2,82.2
2,24,10,7.86,115.5,77.4
2,24,11,9.73,231.7,71.9
2,24,12,11.43,350.6,65.8
2,24,13,12.91,448.4,60.1
2,24,14,13.82,445.5,57.3
2,24,15,14.43,436.3,54.4
2,24,16,14.69,409.5,55.2
2,24,17,14.34,305.9,57.4
2,24,18,12.87,188.8,66.9
2,24,19,10.64,63.9,73.9
2,24,20,8.45,0.9,81.9
2,24,21,7.51,0.0,84.3
2,24,22,7.69,0.0,83.9
2,24,23,6.9,0.0,85.4
2,25,0,6.95,0.0,84.5
2,25,1,6.55,0.0,85.8
2,25,2,5.63,0.0,87.6
2,25,3,5.63,0.0,86.6
2,25,4,5.19,0.0,86.3
2,25,5,5.08,0.0,85.5
2,25,6,5.09,0.0,83.5
2,25,7,4.99,0.0,82.2
2,25,8,4.93,0.0,81.4
2,25,9,4.89,20.1,83.4
2,25,10,6.96,114.1,77.5
2,25,11,8.56,229.0,72.1
2,25,12,9.88,312.5,68.6
2,25,13,11.53,440.7,63.9
2,25,14,12.48,453.2,62.0
2,25,15,12.63,417.3,61.7
2,25,16,12.86,356.3,61.1
2,25,17,12.54,277.0,63.5
2,25,18,11.72,155.4,68.5
2,25,19,9.77,58.8,77.0
2,25,20,8.17,1.0,83.1
2,25,21,7.59,0.0,85.9
2,25,22,6.79,0.0,88.8
2,25,23,6.56,0.0,89.2
2,26,0,6.4,0.0,89.6
2,26,1,5.9,0.0,90.8
2,26,2,5.74,0.0,90.6
2,26,3,5.8,0.0,89.4
2,26,4,5.34,0.0,91.0
2,26,5,5.22,0.0,91.5
2,26,6,5.09,0.0,91.1
2,26,7,4.71,0.0,91.2
2,26,8,4.77,0.0,89.9
2,26,9,5.28,19.7,91.0
2,26,10,7.23,107.0,87.1
2,26,11,8.86,193.7,81.1
2,26,12,10.4,298.0,76.4
2,26,13,11.81,417.0,71.6
2,26,14,12.78,455.8,68.1
2,26,15,13.62,465.4,62.7
2,26,16,13.7,403.9,63.4
2,26,17,13.53,296.8,64.1
2,26,18,12.65,169.4,72.3
2,26,19,11.32,57.3,75.4
2,26,20,9.76,1.3,81.4
2,26,21,8.61,0.0,86.1
2,26,22,8.31,0.0,85.6
2,26,23,7.99,0.0,84.6
2,27,0,7.6,0.0,83.5
2,27,1,7.4,0.0,82.9
2,27,2,6.77,0.0,85.3
2,27,3,6.9,0.0,85.2
2,27,4,6.39,0.0,87.4
2,27,5,6.53,0.0,86.9
2,27,6,6.71,0.0,86.2
2,27,7,6.55,0.0,85.7
2,27,8,6.35,0.0,85.8
2,27,9,6.51,24.8,87.0
2,27,10,8.37,129.6,83.3
2,27,11,10.18,262.6,76.3
2,27,12,11.57,401.5,71.7
2,27,13,12.85,496.9,64.1
2,27,14,13.69,512.7,60.8
2,27,15,14.23,480.0,57.9
2,27,16,14.64,436.1,56.4
2,27,17,14.43,316.2,58.8
2,27,18,13.71,198.1,64.2
2,27,19,11.31,67.4,74.3
2,27,20,9.58,1.7,79.4
2,27,21,8.71,0.0,81.9
2,27,22,8.08,0.0,83.3
2,27,23,7.69,0.0,84.3
2,28,0,7.29,0.0,85.4
2,28,1,6.97,0.0,86.6
2,28,2,6.63,0.0,87.5
2,28,3,6.61,0.0,87.4
2,28,4,6.28,0.0,89.5
2,28,5,6.1,0.0,88.7
2,28,6,5.92,0.0,87.6
2,28,7,5.81,0.0,86.8
2,28,8,5.62,0.0,87.1
2,28,9,6.11,24.4,86.5
2,28,10,7.73,126.7,83.0
2,28,11,9.31,239.6,75.7
2,28,12,10.94,355.7,67.7
2,28,13,12.3,454.9,62.6
2,28,14,13.22,495.4,59.3
2,28,15,13.44,475.8,59.1
2,28,16,13.63,412.8,58.8
2,28,17,13.21,298.8,61.9
2,28,18,12.46,178.3,67.4
2,28,19,10.47,66.7,76.6
2,28,20,9.02,2.0,81.9
2,28,21,7.82,0.0,85.3
2,28,22,7.44,0.0,84.5
2,28,23,7.3,0.0,83.1
2,29,0,9.07,0.0,81.67
2,29,1,9.1,0.0,80.0
2,29,2,9.5,0.0,77.0
2,29,3,9.87,0.0,74.0
2,29,4,9.83,0.0,76.33
2,29,5,9.63,0.0,76.67
2,29,6,9.43,0.0,77.33
2,29,7,9.23,0.0,77.33
2,29,8,8.97,0.0,78.33
2,29,9,9.3,19.33,78.67
2,29,10,10.77,115.33,76.33
2,29,11,11.9,227.0,72.33
2,29,12,13.27,364.0,66.33
2,29,13,14.47,450.33,59.33
2,29,14,15.3,465.67,55.67
2,29,15,15.4,456.67,54.33
2,29,16,15.23,379.67,57.33
2,29,17,14.9,292.67,60.67
2,29,18,14.37,166.67,64.0
2,29,19,12.57,52.0,74.33
2,29,20,11.37,1.67,77.67
2,29,21,10.53,0.0,82.33
2,29,22,9.73,0.0,86.67
2,29,23,9.8,0.0,84.67
3,1,0,7.08,0.0,84.0
3,1,1,7.04,0.0,84.5
3,1,2,6.55,0.0,85.9
3,1,3,6.68,0.0,85.3
3,1,4,6.52,0.0,85.7
3,1,5,6.35,0.0,85.6
3,1,6,5.93,0.0,87.2
3,1,7,5.75,0.0,86.7
3,1,8,5.21,0.0,88.6
3,1,9,5.97,23.6,88.5
3,1,10,7.59,116.0,82.2
3,1,11,9.15,226.0,76.4
3,1,12,10.54,317.4,71.5
3,1,13,11.85,398.6,67.5
3,1,14,12.82,438.0,63.9
3,1,15,12.83,420.9,62.7
3,1,16,13.14,361.5,62.0
3,1,17,12.94,281.4,63.9
3,1,18,12.38,182.5,65.7
3,1,19,10.63,66.1,73.9
3,1,20,9.08,2.3,80.0
3,1,21,8.46,0.0,81.3
3,1,22,8.24,0.0,80.6
3,1,23,8.19,0.0,79.9
3,2,0,8.03,0.0,78.9
3,2,1,7.32,0.0,81.1
3,2,2,7.14,0.0,82.0
3,2,3,6.58,0.0,84.7
3,2,4,6.27,0.0,85.5
3,2,5,6.14,0.0,84.8
3,2,6,5.75,0.0,85.6
3,2,7,5.6,0.0,86.4
3,2,8,5.13,0.0,88.3
3,2,9,5.48,31.2,88.3
3,2,10,7.48,142.3,82.1
3,2,11,9.41,280.9,73.2
3,2,12,11.24,416.0,64.3
3,2,13,12.56,496.0,59.2
3,2,14,13.64,520.5,56.0
3,2,15,14.61,524.9,51.6
3,2,16,14.85,449.3,50.8
3,2,17,14.59,348.9,51.7
3,2,18,13.78,213.4,57.6
3,2,19,11.9,79.8,65.6
3,2,20,9.63,3.2,74.0
3,2,21,7.9,0.0,80.9
3,2,22,7.8,0.0,78.9
3,2,23,7.58,0.0,78.0
3,3,0,7.04,0.0,78.8
3,3,1,6.68,0.0,80.3
3,3,2,6.15,0.0,82.5
3,3,3,5.99,0.0,82.3
3,3,4,5.73,0.0,82.5
3,3,5,5.27,0.0,84.2
3,3,6,5.55,0.0,82.8
3,3,7,5.09,0.0,83.3
3,3,8,4.9,0.0,84.3
3,3,9,5.56,39.4,84.4
3,3,10,8.18,169.0,77.7
3,3,11,10.62,320.7,68.0
3,3,12,12.76,461.0,59.5
3,3,13,14.35,564.8,53.4
3,3,14,15.33,603.3,49.4
3,3,15,16.01,600.1,45.3
3,3,16,16.24,531.0,44.6
3,3,17,15.89,409.5,46.9
3,3,18,14.92,248.3,54.5
3,3,19,12.92,88.5,62.6
3,3,20,10.74,3.9,69.3
3,3,21,8.84,0.0,77.2
3,3,22,8.13,0.0,79.2
3,3,23,8.21,0.0,77.9
3,4,0,7.08,0.0,81.6
3,4,1,6.67,0.0,84.2
3,4,2,6.44,0.0,85.8
3,4,3,6.92,0.0,84.7
3,4,4,6.5,0.0,85.4
3,4,5,6.32,0.0,85.3
3,4,6,6.11,0.0,83.7
3,4,7,5.72,0.0,84.1
3,4,8,5.79,0.0,83.5
3,4,9,6.48,39.5,84.7
3,4,10,8.7,169.8,79.0
3,4,11,10.79,311.8,71.1
3,4,12,12.4,438.1,64.3
3,4,13,13.55,507.2,60.5
3,4,14,14.64,572.9,57.9
3,4,15,15.36,543.9,52.3
3,4,16,15.51,488.2,51.8
3,4,17,15.21,366.4,53.1
3,4,18,14.34,229.7,58.3
3,4,19,12.13,89.2,70.6
3,4,20,10.3,3.8,78.1
3,4,21,9.17,0.0,83.0
3,4,22,8.63,0.0,84.3
3,4,23,8.2,0.0,84.9
3,5,0,7.77,0.0,85.9
3,5,1,7.62,0.0,86.4
3,5,2,7.25,0.0,88.4
3,5,3,7.22,0.0,88.7
3,5,4,6.87,0.0,90.4
3,5,5,6.49,0.0,91.2
3,5,6,6.4,0.0,91.0
3,5,7,6.09,0.0,91.2
3,5,8,6.0,0.0,91.2
3,5,9,6.42,34.0,90.7
3,5,10,8.17,141.1,85.4
3,5,11,9.91,250.3,77.0
3,5,12,11.26,344.7,69.7
3,5,13,12.35,410.3,65.6
3,5,14,13.3,443.0,63.1
3,5,15,13.59,433.1,62.4
3,5,16,14.05,392.8,60.7
3,5,17,13.85,312.3,62.5
3,5,18,13.0,190.8,65.5
3,5,19,11.06,74.6,74.4
3,5,20,9.39,3.8,78.8
3,5,21,8.36,0.0,83.1
3,5,22,8.45,0.0,82.0
3,5,23,8.32,0.0,82.2
3,6,0,7.69,0.0,85.6
3,6,1,7.48,0.0,86.6
3,6,2,7.05,0.0,88.0
3,6,3,6.83,0.0,87.3
3,6,4,6.46,0.0,88.8
3,6,5,6.29,0.0,88.8
3,6,6,6.23,0.0,87.8
3,6,7,5.91,0.0,89.0
3,6,8,5.82,0.0,88.4
3,6,9,6.67,40.4,86.6
3,6,10,8.62,155.9,80.8
3,6,11,10.35,268.2,73.1
3,6,12,11.87,365.2,68.2
3,6,13,13.18,448.6,64.8
3,6,14,14.33,498.4,60.4
3,6,15,14.87,488.7,58.8
3,6,16,14.87,396.0,59.5
3,6,17,14.59,318.4,60.0
3,6,18,13.88,209.3,63.4
3,6,19,12.1,81.7,72.7
3,6,20,10.4,4.4,78.3
3,6,21,9.38,0.0,81.7
3,6,22,8.43,0.0,84.7
3,6,23,8.31,0.0,84.0
3,7,0,7.99,0.0,84.3
3,7,1,7.02,0.0,86.6
3,7,2,6.72,0.0,87.8
3,7,3,6.59,0.0,85.9
3,7,4,6.59,0.0,86.7
3,7,5,6.14,0.0,87.8
3,7,6,5.77,0.0,86.6
3,7,7,5.87,0.0,86.5
3,7,8,5.77,0.0,86.3
3,7,9,6.72,34.7,84.7
3,7,10,8.65,143.4,79.2
3,7,11,10.55,283.0,73.4
3,7,12,12.12,400.0,67.4
3,7,13,13.35,477.1,63.4
3,7,14,14.15,486.1,61.8
3,7,15,14.86,494.5,59.0
3,7,16,14.97,448.6,59.0
3,7,17,14.47,319.4,61.1
3,7,18,13.5,199.8,66.1
3,7,19,11.78,78.3,76.9
3,7,20,9.72,4.8,84.9
3,7,21,9.27,0.0,86.6
3,7,22,8.99,0.0,88.0
3,7,23,8.14,0.0,89.9
3,8,0,8.11,0.0,89.1
3,8,1,8.04,0.0,89.3
3,8,2,7.73,0.0,89.8
3,8,3,7.68,0.0,89.2
3,8,4,7.41,0.0,91.0
3,8,5,7.06,0.0,91.6
3,8,6,6.75,0.0,91.9
3,8,7,6.55,0.0,92.0
3,8,8,6.3,0.0,93.5
3,8,9,6.67,36.7,93.6
3,8,10,8.01,131.5,89.0
3,8,11,9.4,256.1,83.1
3,8,12,10.8,377.5,76.1
3,8,13,12.0,451.1,70.5
3,8,14,13.02,473.7,67.5
3,8,15,13.35,446.3,65.4
3,8,16,13.75,386.7,64.0
3,8,17,13.78,295.7,63.3
3,8,18,13.33,202.2,66.1
3,8,19,11.55,77.5,75.9
3,8,20,10.12,5.2,78.1
3,8,21,9.34,0.0,80.1
3,8,22,8.47,0.0,83.3
3,8,23,8.31,0.0,83.1
3,9,0,7.83,0.0,85.5
3,9,1,7.41,0.0,87.5
3,9,2,7.5,0.0,86.6
3,9,3,7.46,0.0,86.7
3,9,4,7.25,0.0,88.9
3,9,5,7.05,0.0,89.8
3,9,6,6.67,0.0,90.5
3,9,7,6.25,0.0,91.5
3,9,8,6.09,0.0,91.1
3,9,9,6.86,34.9,89.4
3,9,10,8.5,129.0,83.4
3,9,11,10.11,249.4,73.9
3,9,12,11.34,337.1,67.6
3,9,13,12.64,422.2,63.3
3,9,14,13.63,467.8,60.0
3,9,15,13.7,450.6,60.6
3,9,16,13.8,367.9,61.9
3,9,17,13.69,296.0,61.4
3,9,18,13.12,166.0,64.1
3,9,19,11.93,67.2,71.1
3,9,20,10.42,5.1,75.6
3,9,21,9.48,0.0,79.7
3,9,22,8.87,0.0,81.6
3,9,23,8.78,0.0,81.6
3,10,0,7.88,0.0,85.5
3,10,1,7.52,0.0,86.7
3,10,2,7.79,0.0,84.7
3,10,3,7.68,0.0,84.4
3,10,4,7.56,0.0,85.2
3,10,5,7.4,0.0,85.0
3,10,6,7.17,0.0,84.9
3,10,7,7.11,0.0,85.0
3,10,8,6.89,0.0,85.4
3,10,9,7.43,42.7,84.9
3,10,10,9.14,161.1,79.7
3,10,11,10.89,290.5,71.5
3,10,12,12.4,406.9,65.6
3,10,13,13.51,474.0,61.0
3,10,14,14.27,531.4,57.4
3,10,15,14.4,523.8,58.0
3,10,16,14.45,431.8,58.2
3,10,17,14.01,321.0,60.4
3,10,18,13.21,208.5,65.0
3,10,19,11.82,91.2,72.4
3,10,20,9.84,7.1,76.7
3,10,21,8.65,0.0,81.5
3,10,22,8.06,0.0,83.7
3,10,23,7.77,0.0,84.4
3,11,0,7.48,0.0,83.9
3,11,1,7.2,0.0,84.4
3,11,2,6.39,0.0,87.3
3,11,3,7.0,0.0,83.3
3,11,4,6.7,0.0,85.3
3,11,5,5.85,0.0,87.5
3,11,6,5.79,0.0,84.9
3,11,7,5.48,0.0,86.0
3,11,8,5.31,0.3,86.2
3,11,9,6.4,56.9,83.1
3,11,10,8.58,191.9,74.3
3,11,11,10.27,328.9,66.8
3,11,12,11.91,473.0,60.1
3,11,13,13.18,550.8,56.1
3,11,14,14.32,596.3,53.0
3,11,15,14.74,515.2,51.4
3,11,16,15.1,455.3,49.5
3,11,17,14.86,349.8,51.2
3,11,18,13.97,218.9,54.2
3,11,19,12.47,97.4,61.5
3,11,20,10.48,7.4,67.7
3,11,21,9.75,0.0,70.4
3,11,22,8.87,0.0,73.0
3,11,23,8.09,0.0,75.2
3,12,0,7.15,0.0,78.9
3,12,1,7.01,0.0,79.0
3,12,2,6.4,0.0,81.6
3,12,3,6.71,0.0,79.8
3,12,4,6.5,0.0,79.2
3,12,5,5.87,0.0,80.6
3,12,6,5.37,0.0,79.7
3,12,7,5.06,0.0,80.1
3,12,8,4.92,1.0,79.8
3,12,9,6.16,69.4,78.3
3,12,10,8.54,215.2,69.9
3,12,11,10.45,365.0,62.6
3,12,12,11.91,493.6,57.7
3,12,13,12.95,571.3,54.3
3,12,14,13.68,583.7,52.7
3,12,15,13.81,564.1,53.7
3,12,16,13.93,471.7,53.0
3,12,17,13.67,377.9,53.5
3,12,18,12.71,229.2,60.2
3,12,19,11.09,94.5,68.6
3,12,20,9.51,8.4,71.9
3,12,21,8.15,0.0,77.7
3,12,22,7.19,0.0,81.0
3,12,23,6.93,0.0,80.9
3,13,0,6.74,0.0,81.2
3,13,1,6.31,0.0,82.3
3,13,2,5.79,0.0,83.4
3,13,3,5.86,0.0,84.2
3,13,4,5.6,0.0,84.0
3,13,5,5.3,0.0,83.5
3,13,6,4.96,0.0,84.1
3,13,7,4.8,0.0,83.3
3,13,8,4.58,0.9,83.5
3,13,9,5.69,69.6,82.7
3,13,10,8.05,219.2,74.3
3,13,11,9.96,378.6,65.1
3,13,12,11.62,517.7,58.0
3,13,13,12.93,602.6,53.9
3,13,14,13.98,637.0,50.5
3,13,15,14.16,623.9,49.6
3,13,16,14.85,538.3,47.4
3,13,17,14.67,413.9,49.4
3,13,18,13.9,256.9,54.6
3,13,19,12.15,110.5,65.1
3,13,20,10.01,10.2,70.6
3,13,21,9.3,0.0,70.9
3,13,22,8.43,0.0,73.3
3,13,23,7.47,0.0,77.0
3,14,0,6.87,0.0,78.6
3,14,1,6.34,0.0,80.5
3,14,2,5.4,0.0,85.0
3,14,3,5.69,0.0,82.1
3,14,4,5.13,0.0,83.2
3,14,5,5.56,0.0,81.5
3,14,6,5.48,0.0,81.1
3,14,7,5.35,0.0,81.8
3,14,8,4.92,1.2,83.1
3,14,9,5.98,70.4,82.9
3,14,10,8.6,212.4,73.6
3,14,11,10.76,368.1,64.8
3,14,12,12.39,500.5,59.4
3,14,13,13.76,591.9,55.4
3,14,14,14.72,612.1,51.7
3,14,15,14.93,591.4,49.7
3,14,16,15.0,510.2,49.9
3,14,17,14.8,406.7,50.6
3,14,18,14.05,268.6,55.3
3,14,19,12.03,112.0,66.7
3,14,20,10.11,10.5,73.1
3,14,21,8.47,0.0,80.3
3,14,22,7.88,0.0,83.0
3,14,23,7.48,0.0,84.2
3,15,0,7.29,0.0,85.3
3,15,1,7.16,0.0,85.7
3,15,2,6.66,0.0,87.5
3,15,3,6.59,0.0,87.5
3,15,4,6.25,0.0,86.7
3,15,5,6.44,0.0,84.5
3,15,6,5.71,0.0,86.9
3,15,7,5.76,0.0,85.8
3,15,8,5.59,1.5,84.7
3,15,9,6.54,64.3,84.5
3,15,10,8.22,185.0,78.7
3,15,11,9.65,291.4,72.3
3,15,12,11.09,419.7,65.4
3,15,13,12.22,527.2,60.1
3,15,14,13.0,563.5,57.0
3,15,15,13.76,542.0,50.9
3,15,16,14.04,464.2,49.9
3,15,17,13.86,378.5,51.5
3,15,18,13.08,246.6,55.9
3,15,19,11.47,112.2,65.0
3,15,20,8.93,11.5,74.6
3,15,21,8.26,0.0,73.6
3,15,22,7.73,0.0,74.4
3,15,23,6.82,0.0,78.9
3,16,0,6.3,0.0,80.4
3,16,1,5.97,0.0,80.9
3,16,2,6.11,0.0,79.6
3,16,3,6.56,0.0,78.9
3,16,4,6.59,0.0,79.7
3,16,5,6.07,0.0,81.1
3,16,6,5.7,0.0,81.3
3,16,7,5.89,0.0,79.2
3,16,8,6.01,1.7,79.2
3,16,9,7.12,57.8,75.0
3,16,10,8.98,188.5,68.1
3,16,11,10.64,336.8,61.3
3,16,12,11.88,457.1,57.0
3,16,13,12.99,509.7,54.0
3,16,14,13.72,515.4,53.0
3,16,15,13.78,508.2,52.6
3,16,16,14.12,458.3,52.0
3,16,17,13.89,384.4,53.0
3,16,18,13.13,241.4,56.2
3,16,19,11.61,111.0,63.2
3,16,20,9.94,12.2,68.4
3,16,21,8.81,0.0,72.8
3,16,22,8.09,0.0,76.6
3,16,23,7.23,0.0,79.5
3,17,0,6.86,0.0,78.7
3,17,1,6.67,0.0,78.0
3,17,2,5.97,0.0,79.4
3,17,3,6.35,0.0,81.1
3,17,4,6.23,0.0,79.5
3,17,5,5.72,0.0,81.0
3,17,6,5.46,0.0,82.2
3,17,7,4.9,0.0,84.5
3,17,8,4.43,2.6,86.5
3,17,9,6.53,81.3,81.7
3,17,10,9.21,226.8,72.4
3,17,11,11.45,400.5,62.2
3,17,12,13.02,530.0,56.6
3,17,13,14.18,609.1,52.8
3,17,14,15.13,643.0,49.5
3,17,15,15.54,612.5,46.9
3,17,16,15.6,527.8,47.9
3,17,17,15.45,416.0,48.4
3,17,18,14.71,279.7,51.0
3,17,19,12.7,123.8,64.8
3,17,20,10.92,13.6,67.9
3,17,21,9.6,0.0,75.3
3,17,22,8.6,0.0,78.5
3,17,23,7.72,0.0,82.1
3,18,0,7.17,0.0,83.3
3,18,1,6.82,0.0,84.9
3,18,2,6.39,0.0,86.7
3,18,3,6.6,0.0,84.6
3,18,4,6.62,0.0,83.4
3,18,5,6.15,0.0,85.0
3,18,6,5.59,0.0,86.5
3,18,7,5.15,0.0,87.0
3,18,8,4.83,3.4,88.6
3,18,9,6.56,84.3,83.3
3,18,10,8.83,223.9,74.1
3,18,11,10.68,371.3,66.7
3,18,12,12.04,478.3,61.2
3,18,13,13.0,539.8,57.0
3,18,14,14.03,572.7,53.3
3,18,15,14.42,578.0,52.4
3,18,16,14.94,501.7,50.9
3,18,17,14.74,390.0,52.0
3,18,18,13.85,256.1,56.2
3,18,19,12.23,125.0,65.7
3,18,20,10.38,15.5,72.8
3,18,21,8.83,0.0,80.1
3,18,22,8.24,0.0,80.7
3,18,23,7.84,0.0,82.2
3,19,0,7.21,0.0,85.0
3,19,1,6.83,0.0,86.4
3,19,2,6.57,0.0,87.1
3,19,3,6.41,0.0,87.2
3,19,4,6.12,0.0,87.4
3,19,5,5.6,0.0,89.2
3,19,6,5.01,0.0,90.8
3,19,7,5.0,0.0,89.3
3,19,8,5.01,3.7,89.2
3,19,9,6.44,89.9,86.8
3,19,10,8.96,240.5,78.6
3,19,11,10.95,390.3,69.9
3,19,12,12.48,509.2,62.7
3,19,13,13.74,598.1,56.3
3,19,14,14.67,622.0,52.9
3,19,15,14.79,572.1,52.9
3,19,16,15.04,509.2,53.2
3,19,17,15.13,413.6,52.6
3,19,18,14.8,265.4,54.6
3,19,19,13.26,114.0,66.4
3,19,20,10.82,14.0,73.5
3,19,21,10.27,0.0,75.5
3,19,22,9.55,0.0,76.9
3,19,23,8.5,0.0,81.0
3,20,0,7.59,0.0,85.2
3,20,1,6.81,0.0,89.0
3,20,2,6.16,0.0,89.1
3,20,3,5.97,0.0,89.5
3,20,4,5.87,0.0,88.6
3,20,5,5.63,0.0,88.3
3,20,6,5.15,0.0,89.1
3,20,7,4.87,0.0,89.2
3,20,8,4.73,5.2,88.6
3,20,9,6.47,102.2,85.8
3,20,10,9.28,267.0,72.8
3,20,11,11.25,433.6,61.5
3,20,12,12.76,565.1,53.1
3,20,13,13.99,645.7,49.0
3,20,14,15.04,680.9,46.4
3,20,15,15.54,661.8,44.0
3,20,16,15.91,579.8,44.6
3,20,17,15.87,450.9,45.7
3,20,18,15.18,299.2,49.4
3,20,19,13.22,141.7,61.3
3,20,20,10.66,18.1,68.8
3,20,21,9.47,0.0,72.9
3,20,22,8.74,0.0,74.5
3,20,23,8.09,0.0,76.6
3,21,0,7.52,0.0,80.2
3,21,1,6.92,0.0,83.4
3,21,2,6.67,0.0,83.8
3,21,3,7.18,0.0,78.9
3,21,4,6.17,0.0,83.1
3,21,5,5.98,0.0,83.6
3,21,6,5.8,0.0,83.8
3,21,7,5.48,0.0,83.5
3,21,8,5.62,5.3,83.2
3,21,9,7.08,89.6,81.2
3,21,10,9.54,244.1,72.1
3,21,11,11.57,398.2,62.4
3,21,12,13.0,518.4,57.7
3,21,13,14.25,603.4,54.2
3,21,14,15.33,636.9,51.4
3,21,15,15.52,570.2,50.9
3,21,16,15.56,466.0,52.2
3,21,17,15.15,373.0,55.6
3,21,18,14.39,241.6,61.1
3,21,19,12.78,118.6,70.1
3,21,20,10.82,16.9,75.4
3,21,21,9.69,0.0,78.7
3,21,22,9.22,0.0,78.5
3,21,23,9.01,0.0,79.1
3,22,0,8.16,0.0,82.4
3,22,1,8.38,0.0,80.3
3,22,2,7.71,0.0,82.9
3,22,3,7.42,0.0,82.0
3,22,4,7.12,0.0,82.7
3,22,5,6.99,0.0,82.5
3,22,6,6.86,0.0,82.2
3,22,7,6.39,0.0,83.0
3,22,8,6.29,6.1,83.9
3,22,9,7.67,91.8,82.3
3,22,10,10.06,223.3,73.8
3,22,11,12.02,368.9,65.0
3,22,12,13.47,476.0,60.1
3,22,13,14.46,536.0,57.8
3,22,14,15.29,553.0,55.4
3,22,15,15.61,510.8,54.9
3,22,16,16.24,467.8,51.6
3,22,17,16.0,371.6,53.3
3,22,18,15.2,248.7,57.7
3,22,19,13.77,119.9,65.7
3,22,20,11.83,16.0,72.6
3,22,21,10.97,0.0,74.2
3,22,22,10.58,0.0,73.6
3,22,23,9.45,0.0,78.1
3,23,0,8.92,0.0,80.6
3,23,1,8.42,0.0,85.3
3,23,2,8.02,0.0,85.7
3,23,3,8.25,0.0,85.7
3,23,4,7.52,0.0,88.9
3,23,5,7.02,0.0,89.5
3,23,6,7.1,0.0,88.4
3,23,7,6.64,0.0,89.0
3,23,8,7.03,5.9,87.7
3,23,9,8.21,83.1,84.7
3,23,10,10.11,206.5,76.1
3,23,11,11.42,337.4,69.5
3,23,12,12.47,434.1,65.4
3,23,13,13.36,489.8,62.6
3,23,14,14.08,511.0,60.4
3,23,15,14.34,528.7,58.5
3,23,16,14.54,445.4,57.8
3,23,17,14.36,363.9,57.6
3,23,18,13.73,240.2,59.9
3,23,19,12.34,114.6,69.0
3,23,20,10.67,16.5,73.3
3,23,21,9.61,0.0,77.4
3,23,22,8.88,0.0,80.5
3,23,23,8.18,0.0,83.0
3,24,0,7.44,0.0,84.5
3,24,1,7.25,0.0,85.6
3,24,2,6.63,0.0,87.2
3,24,3,6.97,0.0,85.4
3,24,4,6.75,0.0,86.6
3,24,5,6.45,0.0,86.6
3,24,6,6.07,0.0,87.3
3,24,7,6.04,0.0,87.6
3,24,8,6.04,7.2,87.8
3,24,9,7.31,91.0,85.9
3,24,10,9.61,233.0,76.4
3,24,11,11.33,380.2,68.2
3,24,12,12.81,511.9,62.6
3,24,13,13.91,580.3,57.7
3,24,14,14.74,618.4,54.8
3,24,15,15.44,602.3,51.2
3,24,16,15.83,543.8,50.3
3,24,17,15.56,421.9,51.3
3,24,18,14.82,289.4,54.3
3,24,19,13.23,133.7,60.9
3,24,20,10.93,20.1,66.9
3,24,21,9.45,0.0,73.0
3,24,22,9.0,0.0,74.8
3,24,23,8.75,0.0,76.2
3,25,0,8.16,0.0,79.2
3,25,1,7.65,0.0,79.6
3,25,2,7.24,0.0,80.1
3,25,3,6.82,0.0,82.9
3,25,4,6.16,0.0,84.7
3,25,5,6.33,0.0,83.1
3,25,6,6.49,0.0,81.9
3,25,7,6.56,0.0,80.8
3,25,8,6.31,8.7,83.7
3,25,9,7.7,94.2,80.0
3,25,10,9.64,221.7,73.8
3,25,11,11.4,348.0,67.0
3,25,12,12.91,450.0,61.9
3,25,13,14.15,514.2,57.9
3,25,14,15.11,567.4,54.1
3,25,15,15.42,561.0,52.5
3,25,16,15.63,486.5,52.6
3,25,17,15.48,373.7,53.6
3,25,18,14.77,237.2,57.3
3,25,19,13.51,115.3,64.4
3,25,20,12.04,17.8,66.6
3,25,21,10.89,0.0,69.9
3,25,22,9.71,0.0,72.4
3,25,23,8.64,0.0,76.1
3,26,0,8.36,0.0,76.5
3,26,1,7.61,0.0,78.3
3,26,2,7.41,0.0,78.3
3,26,3,7.12,0.0,78.7
3,26,4,6.81,0.0,80.6
3,26,5,6.42,0.0,81.6
3,26,6,6.31,0.0,80.2
3,26,7,6.1,0.0,81.4
3,26,8,6.34,10.6,81.6
3,26,9,8.08,108.0,78.9
3,26,10,10.54,253.7,69.7
3,26,11,12.29,383.0,62.3
3,26,12,13.6,499.8,57.5
3,26,13,14.64,560.1,54.5
3,26,14,15.33,553.2,53.0
3,26,15,15.95,533.5,51.0
3,26,16,15.92,466.8,52.6
3,26,17,15.53,374.2,55.0
3,26,18,14.65,213.3,58.5
3,26,19,13.23,105.9,66.6
3,26,20,11.69,17.3,70.8
3,26,21,10.54,0.0,76.2
3,26,22,10.15,0.0,76.0
3,26,23,9.67,0.0,76.5
3,27,0,9.18,0.0,77.0
3,27,1,8.73,0.0,79.4
3,27,2,8.25,0.0,82.3
3,27,3,7.93,0.0,86.1
3,27,4,7.82,0.0,84.8
3,27,5,7.61,0.0,85.8
3,27,6,7.29,0.0,86.0
3,27,7,7.26,0.0,85.3
3,27,8,7.04,9.6,86.9
3,27,9,8.61,93.8,83.4
3,27,10,10.41,223.8,75.2
3,27,11,11.78,338.4,70.0
3,27,12,13.03,431.9,65.7
3,27,13,14.08,511.5,61.9
3,27,14,14.67,520.9,60.5
3,27,15,15.0,524.7,60.1
3,27,16,15.18,428.2,59.4
3,27,17,15.21,354.8,59.8
3,27,18,14.69,236.9,62.2
3,27,19,13.47,122.5,69.6
3,27,20,11.33,21.0,77.8
3,27,21,10.23,0.0,82.3
3,27,22,9.75,0.0,82.1
3,27,23,9.12,0.0,85.1
3,28,0,9.16,0.0,83.0
3,28,1,8.69,0.0,86.0
3,28,2,8.54,0.0,87.0
3,28,3,8.4,0.0,87.8
3,28,4,7.68,0.0,90.6
3,28,5,7.72,0.0,89.7
3,28,6,7.69,0.0,87.4
3,28,7,7.36,0.0,86.2
3,28,8,7.18,11.3,86.6
3,28,9,8.49,102.6,83.4
3,28,10,10.05,228.0,77.2
3,28,11,11.52,366.2,70.8
3,28,12,13.08,513.4,63.7
3,28,13,14.36,617.1,56.4
3,28,14,15.24,644.1,51.5
3,28,15,15.68,615.0,48.8
3,28,16,16.0,524.9,48.8
3,28,17,15.72,423.6,49.6
3,28,18,15.1,287.1,52.8
3,28,19,13.8,143.5,60.9
3,28,20,12.29,25.7,63.5
3,28,21,10.6,0.0,69.8
3,28,22,10.28,0.0,69.1
3,28,23,9.54,0.0,70.7
3,29,0,8.97,0.0,73.1
3,29,1,8.51,0.0,75.0
3,29,2,7.87,0.0,76.3
3,29,3,7.79,0.0,77.7
3,29,4,6.91,0.0,79.5
3,29,5,6.52,0.0,80.3
3,29,6,6.26,0.0,79.8
3,29,7,5.77,0.0,80.6
3,29,8,5.82,17.1,81.6
3,29,9,8.09,142.5,75.7
3,29,10,10.95,322.8,63.7
3,29,11,13.14,498.3,55.6
3,29,12,14.94,638.3,50.1
3,29,13,16.36,725.0,45.7
3,29,14,17.41,746.5,42.5
3,29,15,18.05,730.9,40.3
3,29,16,18.72,646.5,39.3
3,29,17,18.6,508.4,40.2
3,29,18,17.92,335.5,43.5
3,29,19,15.8,165.5,57.3
3,29,20,12.98,29.6,63.0
3,29,21,11.25,0.0,68.8
3,29,22,10.3,0.0,70.9
3,29,23,9.53,0.0,72.6
3,30,0,8.86,0.0,75.5
3,30,1,8.05,0.0,78.6
3,30,2,7.71,0.0,79.8
3,30,3,7.38,0.0,81.3
3,30,4,7.41,0.0,82.0
3,30,5,7.38,0.0,81.1
3,30,6,7.3,0.0,79.8
3,30,7,6.91,0.0,81.4
3,30,8,7.03,20.0,82.7
3,30,9,9.19,159.1,77.0
3,30,10,12.2,351.4,64.4
3,30,11,14.47,535.8,56.0
3,30,12,16.29,683.4,51.1
3,30,13,17.74,779.3,47.7
3,30,14,18.9,807.0,44.4
3,30,15,19.6,761.5,40.9
3,30,16,19.84,636.3,40.4
3,30,17,19.41,506.3,42.7
3,30,18,18.48,344.5,47.2
3,30,19,16.64,166.5,57.2
3,30,20,13.79,30.2,65.8
3,30,21,12.66,0.0,70.6
3,30,22,11.5,0.0,76.0
3,30,23,10.45,0.0,80.7
3,31,0,10.49,0.0,80.2
3,31,1,9.58,0.0,83.5
3,31,2,9.46,0.0,83.6
3,31,3,9.78,0.0,82.0
3,31,4,8.95,0.0,85.5
3,31,5,8.85,0.0,86.0
3,31,6,8.23,0.0,87.7
3,31,7,7.85,0.0,88.3
3,31,8,8.07,18.3,89.2
3,31,9,10.24,143.2,82.8
3,31,10,12.76,309.8,71.9
3,31,11,14.74,465.8,62.6
3,31,12,16.33,593.3,57.0
3,31,13,17.62,671.7,52.9
3,31,14,18.67,711.4,48.7
3,31,15,19.35,707.5,47.4
3,31,16,19.62,622.7,47.2
3,31,17,19.36,511.6,48.0
3,31,18,18.48,339.5,51.3
3,31,19,16.71,158.4,60.3
3,31,20,14.42,30.7,68.5
3,31,21,13.02,0.0,74.3
3,31,22,12.11,0.0,78.6
3,31,23,11.18,0.0,81.2
4,1,0,10.65,0.0,83.4
4,1,1,10.17,0.0,85.5
4,1,2,9.44,0.0,87.2
4,1,3,9.37,0.0,87.1
4,1,4,8.83,0.0,89.2
4,1,5,8.53,0.0,90.8
4,1,6,8.18,0.0,92.1
4,1,7,7.86,0.0,92.3
4,1,8,8.25,19.6,91.2
4,1,9,10.49,136.5,84.8
4,1,10,13.12,289.6,73.8
4,1,11,15.24,448.8,66.7
4,1,12,17.12,587.1,59.1
4,1,13,18.46,680.6,54.5
4,1,14,19.31,705.9,51.8
4,1,15,19.81,636.7,48.1
4,1,16,19.78,571.1,49.1
4,1,17,19.37,451.3,50.6
4,1,18,18.47,319.9,53.8
4,1,19,16.88,159.2,59.4
4,1,20,14.78,31.0,65.6
4,1,21,13.37,0.0,68.1
4,1,22,12.5,0.0,70.6
4,1,23,11.74,0.0,73.4
4,2,0,10.9,0.0,75.9
4,2,1,9.96,0.0,78.8
4,2,2,9.46,0.0,78.9
4,2,3,9.15,0.0,81.3
4,2,4,8.89,0.0,82.6
4,2,5,8.54,0.0,82.8
4,2,6,8.1,0.0,84.2
4,2,7,7.81,0.0,84.9
4,2,8,8.13,22.3,84.5
4,2,9,10.03,145.2,79.8
4,2,10,12.67,326.6,66.9
4,2,11,14.64,479.2,58.7
4,2,12,16.65,646.3,51.1
4,2,13,18.05,726.8,46.7
4,2,14,19.05,747.4,44.1
4,2,15,19.72,715.8,40.9
4,2,16,19.87,666.2,41.0
4,2,17,19.48,533.2,42.4
4,2,18,18.75,366.8,44.2
4,2,19,17.15,188.8,54.1
4,2,20,14.95,37.8,55.8
4,2,21,13.71,0.0,60.4
4,2,22,12.06,0.0,68.2
4,2,23,11.13,0.0,71.9
4,3,0,10.61,0.0,74.0
4,3,1,9.67,0.0,77.9
4,3,2,9.09,0.0,79.0
4,3,3,9.37,0.0,76.0
4,3,4,9.03,0.0,78.0
4,3,5,8.18,0.0,82.6
4,3,6,7.87,0.0,84.2
4,3,7,8.0,0.0,81.8
4,3,8,8.31,24.4,82.7
4,3,9,10.35,142.6,75.4
4,3,10,12.69,286.1,64.3
4,3,11,14.35,427.9,56.9
4,3,12,15.61,538.1,52.7
4,3,13,16.63,634.9,50.3
4,3,14,17.12,625.6,49.5
4,3,15,17.18,589.9,47.6
4,3,16,17.05,518.9,48.1
4,3,17,16.67,394.1,48.8
4,3,18,15.92,274.4,51.2
4,3,19,14.6,145.7,60.0
4,3,20,12.36,30.3,67.8
4,3,21,11.72,0.0,69.2
4,3,22,10.82,0.0,72.1
4,3,23,10.21,0.0,74.1
4,4,0,9.59,0.0,76.5
4,4,1,8.98,0.0,78.8
4,4,2,9.15,0.0,77.5
4,4,3,9.11,0.0,78.7
4,4,4,8.57,0.0,81.6
4,4,5,7.69,0.0,84.2
4,4,6,7.39,0.0,83.9
4,4,7,6.92,0.0,85.9
4,4,8,7.26,25.9,86.0
4,4,9,9.29,142.0,81.5
4,4,10,11.43,289.4,71.4
4,4,11,13.01,406.8,64.5
4,4,12,14.23,489.3,60.1
4,4,13,15.38,586.7,56.2
4,4,14,16.22,611.7,53.2
4,4,15,16.4,577.4,53.7
4,4,16,16.44,499.9,54.1
4,4,17,16.08,401.7,54.7
4,4,18,15.38,269.5,56.5
4,4,19,14.14,141.8,63.5
4,4,20,12.14,30.5,71.4
4,4,21,10.95,0.0,77.6
4,4,22,10.6,0.0,78.4
4,4,23,9.87,0.0,81.3
4,5,0,9.57,0.0,82.4
4,5,1,9.5,0.0,82.2
4,5,2,9.48,0.0,81.8
4,5,3,9.25,0.0,84.9
4,5,4,9.0,0.0,87.1
4,5,5,8.36,0.0,89.3
4,5,6,8.02,0.0,88.7
4,5,7,7.66,0.0,89.5
4,5,8,8.13,20.1,87.9
4,5,9,9.75,113.7,81.3
4,5,10,11.52,243.6,71.6
4,5,11,12.96,367.6,66.9
4,5,12,14.45,488.5,62.6
4,5,13,15.63,562.6,60.2
4,5,14,16.46,574.3,58.3
4,5,15,16.87,563.0,55.8
4,5,16,17.14,481.0,56.3
4,5,17,16.98,383.7,56.4
4,5,18,16.25,276.4,59.3
4,5,19,14.88,136.4,66.5
4,5,20,12.82,29.8,73.5
4,5,21,11.6,0.0,79.1
4,5,22,11.44,0.0,78.5
4,5,23,11.06,0.0,81.5
4,6,0,10.33,0.0,84.9
4,6,1,10.21,0.0,84.4
4,6,2,9.49,0.0,87.7
4,6,3,9.73,0.0,84.1
4,6,4,9.48,0.0,86.1
4,6,5,9.19,0.0,86.6
4,6,6,8.96,0.0,87.2
4,6,7,9.16,0.0,86.6
4,6,8,9.43,22.3,84.9
4,6,9,10.94,116.5,81.5
4,6,10,12.67,232.1,73.3
4,6,11,14.08,344.1,67.1
4,6,12,15.05,408.4,63.9
4,6,13,16.03,474.5,60.7
4,6,14,16.98,545.7,56.9
4,6,15,17.87,579.5,51.8
4,6,16,18.46,587.1,50.3
4,6,17,18.25,449.9,51.1
4,6,18,17.81,311.6,52.8
4,6,19,16.48,164.0,61.1
4,6,20,14.09,36.4,67.7
4,6,21,13.32,0.0,68.9
4,6,22,11.82,0.0,72.3
4,6,23,11.09,0.0,74.1
4,7,0,10.48,0.0,76.1
4,7,1,9.99,0.0,78.2
4,7,2,9.24,0.0,80.5
4,7,3,10.23,0.0,76.5
4,7,4,9.66,0.0,78.7
4,7,5,9.26,0.0,77.5
4,7,6,8.47,0.0,79.0
4,7,7,8.51,0.0,77.6
4,7,8,9.4,31.2,78.1
4,7,9,11.56,159.9,70.1
4,7,10,13.8,327.9,60.2
4,7,11,15.26,460.9,54.4
4,7,12,16.28,544.4,52.5
4,7,13,17.15,649.3,49.8
4,7,14,17.65,662.8,47.3
4,7,15,18.13,665.1,45.8
4,7,16,18.08,564.6,46.8
4,7,17,17.69,449.4,47.4
4,7,18,17.15,299.9,48.1
4,7,19,15.71,156.3,57.3
4,7,20,13.63,37.1,63.1
4,7,21,12.19,0.0,67.1
4,7,22,11.46,0.0,69.8
4,7,23,10.67,0.0,73.7
4,8,0,10.12,0.0,76.4
4,8,1,9.84,0.0,77.3
4,8,2,9.36,0.0,79.2
4,8,3,9.81,0.0,75.6
4,8,4,8.98,0.0,77.0
4,8,5,8.7,0.0,77.5
4,8,6,8.27,0.0,79.2
4,8,7,7.82,0.0,79.0
4,8,8,8.68,33.7,77.0
4,8,9,10.48,161.6,72.6
4,8,10,12.42,312.7,63.7
4,8,11,14.25,491.2,57.3
4,8,12,15.66,625.2,52.9
4,8,13,16.67,666.8,49.9
4,8,14,17.64,716.2,47.2
4,8,15,18.09,662.7,43.9
4,8,16,18.57,629.9,43.2
4,8,17,18.38,510.3,43.2
4,8,18,17.83,342.3,44.7
4,8,19,16.46,174.3,53.8
4,8,20,13.91,43.4,59.3
4,8,21,12.55,0.0,61.5
4,8,22,11.79,0.0,62.0
4,8,23,10.85,0.0,66.2
4,9,0,10.3,0.0,69.5
4,9,1,9.86,0.0,72.5
4,9,2,9.5,0.0,74.6
4,9,3,8.79,0.0,77.5
4,9,4,8.93,0.0,75.4
4,9,5,8.51,0.0,76.4
4,9,6,8.51,0.0,75.7
4,9,7,8.14,0.0,77.2
4,9,8,8.8,38.0,78.0
4,9,9,11.2,178.8,71.4
4,9,10,13.53,343.5,62.0
4,9,11,15.28,506.4,56.6
4,9,12,16.93,640.6,51.0
4,9,13,17.96,668.3,48.3
4,9,14,18.77,681.8,46.5
4,9,15,19.48,655.3,42.9
4,9,16,19.51,586.5,42.2
4,9,17,19.31,487.6,42.5
4,9,18,18.6,338.8,45.4
4,9,19,17.1,167.0,55.1
4,9,20,14.8,42.0,61.2
4,9,21,12.87,0.0,67.3
4,9,22,11.91,0.0,70.5
4,9,23,11.62,0.0,71.5
4,10,0,10.69,0.0,77.2
4,10,1,9.66,0.0,84.5
4,10,2,9.83,0.0,83.7
4,10,3,9.95,0.0,83.3
4,10,4,9.44,0.0,83.3
4,10,5,8.91,0.0,84.1
4,10,6,8.66,0.0,84.2
4,10,7,8.36,0.0,84.4
4,10,8,9.03,40.1,84.3
4,10,9,11.38,174.5,78.0
4,10,10,13.81,346.5,66.5
4,10,11,15.72,526.4,58.3
4,10,12,17.36,666.7,52.5
4,10,13,18.63,756.9,48.0
4,10,14,19.53,817.4,45.9
4,10,15,19.84,763.9,44.7
4,10,16,19.41,618.3,47.4
4,10,17,18.91,484.6,49.0
4,10,18,18.38,365.8,49.6
4,10,19,17.05,193.6,57.9
4,10,20,14.48,46.2,64.3
4,10,21,12.97,0.0,69.9
4,10,22,12.16,0.0,72.1
4,10,23,11.18,0.0,76.6
4,11,0,10.74,0.0,78.3
4,11,1,10.19,0.0,79.3
4,11,2,9.37,0.0,80.6
4,11,3,9.3,0.0,79.3
4,11,4,9.17,0.0,78.8
4,11,5,8.86,0.0,78.6
4,11,6,8.45,0.0,79.4
4,11,7,8.18,0.0,80.5
4,11,8,9.13,47.3,81.0
4,11,9,11.8,204.3,71.3
4,11,10,14.3,396.8,59.6
4,11,11,16.3,575.7,52.0
4,11,12,17.99,706.9,46.2
4,11,13,19.31,783.4,42.9
4,11,14,20.25,816.8,40.6
4,11,15,20.76,770.6,39.2
4,11,16,20.94,690.5,38.7
4,11,17,20.61,560.2,39.1
4,11,18,19.81,396.8,42.1
4,11,19,18.15,216.6,53.7
4,11,20,16.05,54.5,57.2
4,11,21,13.75,0.0,66.6
4,11,22,13.1,0.0,67.8
4,11,23,11.92,0.0,72.8
4,12,0,11.15,0.0,76.6
4,12,1,10.6,0.0,78.7
4,12,2,10.03,0.0,80.9
4,12,3,10.11,0.0,79.1
4,12,4,9.44,0.0,80.1
4,12,5,8.72,0.0,83.0
4,12,6,9.24,0.0,79.8
4,12,7,8.66,0.0,81.5
4,12,8,9.63,47.8,80.5
4,12,9,12.3,197.3,73.9
4,12,10,14.9,366.0,64.2
4,12,11,16.91,529.0,55.9
4,12,12,18.56,680.5,50.0
4,12,13,19.87,757.6,46.3
4,12,14,20.84,783.5,43.9
4,12,15,21.51,769.8,39.7
4,12,16,21.81,684.7,39.2
4,12,17,21.28,543.6,41.7
4,12,18,20.52,375.6,44.6
4,12,19,19.0,204.8,53.5
4,12,20,16.26,53.3,63.8
4,12,21,15.0,0.0,66.3
4,12,22,13.77,0.0,69.5
4,12,23,12.8,0.0,72.4
4,13,0,11.86,0.0,76.7
4,13,1,11.5,0.0,77.3
4,13,2,11.33,0.0,77.9
4,13,3,10.91,0.0,82.6
4,13,4,10.22,0.0,85.1
4,13,5,9.79,0.0,86.5
4,13,6,9.74,0.0,85.6
4,13,7,9.04,0.0,87.4
4,13,8,10.09,48.6,86.2
4,13,9,12.62,196.4,78.4
4,13,10,15.19,374.3,67.3
4,13,11,17.24,547.3,59.7
4,13,12,18.9,665.2,54.4
4,13,13,20.3,738.9,50.2
4,13,14,21.26,773.9,47.2
4,13,15,21.85,726.8,45.4
4,13,16,22.04,672.9,44.9
4,13,17,21.42,528.4,47.7
4,13,18,20.67,376.5,50.6
4,13,19,19.31,202.2,57.3
4,13,20,16.52,54.6,69.1
4,13,21,14.85,0.0,75.0
4,13,22,14.01,0.0,78.8
4,13,23,12.84,0.0,83.8
4,14,0,12.57,0.0,84.8
4,14,1,11.84,0.0,86.4
4,14,2,11.36,0.0,87.6
4,14,3,10.91,0.0,89.0
4,14,4,10.92,0.0,86.4
4,14,5,10.67,0.0,87.0
4,14,6,10.1,0.0,88.8
4,14,7,9.71,0.0,90.3
4,14,8,10.58,49.5,88.0
4,14,9,12.86,180.7,80.9
4,14,10,15.73,359.8,67.2
4,14,11,18.11,533.4,57.3
4,14,12,19.8,670.3,52.0
4,14,13,21.19,755.3,47.1
4,14,14,22.02,779.6,44.3
4,14,15,22.15,701.5,44.4
4,14,16,21.9,578.3,45.0
4,14,17,21.67,478.2,45.7
4,14,18,21.1,362.1,48.5
4,14,19,19.75,195.2,57.7
4,14,20,18.0,52.1,58.2
4,14,21,15.96,0.0,64.5
4,14,22,14.1,0.0,70.3
4,14,23,12.95,0.0,75.7
4,15,0,11.99,0.0,81.1
4,15,1,11.36,0.0,83.3
4,15,2,11.01,0.0,85.0
4,15,3,10.58,0.0,83.0
4,15,4,10.18,0.0,83.1
4,15,5,10.08,0.0,82.1
4,15,6,9.78,0.0,82.7
4,15,7,9.25,0.0,83.4
4,15,8,10.23,49.6,81.4
4,15,9,12.63,182.7,73.0
4,15,10,14.77,335.0,61.9
4,15,11,16.22,467.7,55.7
4,15,12,17.52,580.3,51.7
4,15,13,18.59,648.0,49.1
4,15,14,19.35,656.8,47.6
4,15,15,20.18,632.6,44.0
4,15,16,20.32,587.9,43.9
4,15,17,20.19,495.5,43.8
4,15,18,19.56,351.0,45.4
4,15,19,18.2,199.0,52.1
4,15,20,15.92,57.3,58.9
4,15,21,14.29,0.0,65.0
4,15,22,13.3,0.0,69.5
4,15,23,12.85,0.0,72.2
4,16,0,12.31,0.0,75.9
4,16,1,11.67,0.0,78.9
4,16,2,11.23,0.0,79.7
4,16,3,11.47,0.0,79.0
4,16,4,10.93,0.0,80.7
4,16,5,10.15,0.0,84.5
4,16,6,9.84,0.0,85.4
4,16,7,9.55,0.0,86.2
4,16,8,10.9,51.8,82.1
4,16,9,13.09,187.3,74.9
4,16,10,15.21,361.0,62.4
4,16,11,16.79,517.2,56.7
4,16,12,18.05,604.8,52.5
4,16,13,19.44,738.6,47.7
4,16,14,20.02,696.9,46.2
4,16,15,20.25,651.0,46.3
4,16,16,20.34,563.1,46.5
4,16,17,19.98,449.9,48.5
4,16,18,19.19,325.7,52.7
4,16,19,17.74,166.0,61.1
4,16,20,15.72,48.2,69.5
4,16,21,14.36,0.0,76.8
4,16,22,13.5,0.0,80.4
4,16,23,13.01,0.0,83.0
4,17,0,12.71,0.0,83.6
4,17,1,12.57,0.0,82.7
4,17,2,12.17,0.0,84.5
4,17,3,12.01,0.0,85.9
4,17,4,11.42,0.0,87.4
4,17,5,11.11,0.0,88.5
4,17,6,10.79,0.0,89.7
4,17,7,10.57,0.1,90.4
4,17,8,11.25,46.0,88.8
4,17,9,12.83,156.9,84.5
4,17,10,14.61,294.0,75.5
4,17,11,15.98,413.8,69.1
4,17,12,17.34,526.6,63.5
4,17,13,18.44,622.9,58.6
4,17,14,19.27,620.9,55.7
4,17,15,19.29,622.3,56.5
4,17,16,19.34,530.1,55.7
4,17,17,19.1,400.9,56.4
4,17,18,18.66,301.0,58.7
4,17,19,17.73,179.1,63.3
4,17,20,15.91,49.7,69.4
4,17,21,14.64,0.2,74.7
4,17,22,13.49,0.0,78.4
4,17,23,12.71,0.0,79.4
4,18,0,12.36,0.0,79.3
4,18,1,12.28,0.0,79.3
4,18,2,11.53,0.0,82.3
4,18,3,11.56,0.0,82.1
4,18,4,10.71,0.0,83.9
4,18,5,10.06,0.0,85.5
4,18,6,9.68,0.0,86.7
4,18,7,9.31,0.6,88.0
4,18,8,10.54,54.1,83.3
4,18,9,12.71,183.0,75.6
4,18,10,14.71,335.9,65.7
4,18,11,16.19,483.0,60.1
4,18,12,17.44,588.8,56.6
4,18,13,18.56,674.8,53.8
4,18,14,19.28,714.4,53.2
4,18,15,19.93,657.7,48.0
4,18,16,20.0,596.1,50.2
4,18,17,19.79,495.1,50.9
4,18,18,19.05,334.1,54.2
4,18,19,17.84,190.1,60.6
4,18,20,15.66,55.8,71.7
4,18,21,14.64,0.9,74.9
4,18,22,14.0,0.0,78.6
4,18,23,13.18,0.0,82.5
4,19,0,12.65,0.0,84.0
4,19,1,12.16,0.0,85.1
4,19,2,11.84,0.0,85.8
4,19,3,11.79,0.0,87.1
4,19,4,11.73,0.0,86.4
4,19,5,11.48,0.0,86.5
4,19,6,11.39,0.0,85.6
4,19,7,10.93,0.6,86.7
4,19,8,11.82,48.5,84.6
4,19,9,13.16,162.9,79.1
4,19,10,14.88,316.0,70.3
4,19,11,16.54,499.5,63.3
4,19,12,17.92,633.7,56.9
4,19,13,18.94,704.3,53.2
4,19,14,19.52,680.1,50.5
4,19,15,19.23,630.6,51.2
4,19,16,19.59,583.5,49.7
4,19,17,19.34,458.4,50.8
4,19,18,18.7,301.3,54.0
4,19,19,17.58,167.0,60.3
4,19,20,15.6,53.1,68.3
4,19,21,13.92,0.8,76.2
4,19,22,13.17,0.0,79.1
4,19,23,12.72,0.0,80.1
4,20,0,12.05,0.0,80.0
4,20,1,11.72,0.0,79.4
4,20,2,10.91,0.0,83.0
4,20,3,10.73,0.0,83.7
4,20,4,10.02,0.0,85.9
4,20,5,9.85,0.0,86.9
4,20,6,9.41,0.0,87.8
4,20,7,9.13,0.9,88.1
4,20,8,10.76,63.4,83.6
4,20,9,12.82,217.8,75.1
4,20,10,14.69,394.8,67.1
4,20,11,16.29,540.5,59.6
4,20,12,17.61,670.6,52.8
4,20,13,18.56,708.2,47.7
4,20,14,19.22,750.9,45.0
4,20,15,19.26,678.9,45.9
4,20,16,19.12,609.6,47.1
4,20,17,18.72,486.5,47.8
4,20,18,17.89,351.7,51.6
4,20,19,16.85,187.4,56.3
4,20,20,14.99,57.0,64.3
4,20,21,13.74,0.8,67.0
4,20,22,12.64,0.0,71.4
4,20,23,12.31,0.0,72.2
4,21,0,11.58,0.0,74.3
4,21,1,10.91,0.0,75.6
4,21,2,10.28,0.0,76.2
4,21,3,10.24,0.0,74.6
4,21,4,9.31,0.0,77.7
4,21,5,8.84,0.0,79.5
4,21,6,8.33,0.0,80.9
4,21,7,8.09,1.4,82.2
4,21,8,9.19,73.0,80.4
4,21,9,11.8,230.5,68.7
4,21,10,13.61,396.6,60.1
4,21,11,14.96,542.1,55.2
4,21,12,16.15,658.7,50.4
4,21,13,17.05,718.4,46.3
4,21,14,17.49,683.7,43.7
4,21,15,17.89,676.4,43.4
4,21,16,18.11,633.4,43.2
4,21,17,17.57,476.9,47.8
4,21,18,16.96,327.3,51.4
4,21,19,16.22,210.8,57.5
4,21,20,14.17,68.1,64.4
4,21,21,12.58,0.9,67.9
4,21,22,11.47,0.0,73.2
4,21,23,10.7,0.0,76.9
4,22,0,10.36,0.0,78.2
4,22,1,9.83,0.0,81.6
4,22,2,9.46,0.0,82.7
4,22,3,9.41,0.0,82.0
4,22,4,8.92,0.0,82.7
4,22,5,8.5,0.0,84.3
4,22,6,8.24,0.0,84.9
4,22,7,8.15,1.7,85.8
4,22,8,9.29,68.0,83.2
4,22,9,11.56,218.6,73.2
4,22,10,13.46,370.4,63.4
4,22,11,15.04,513.5,58.0
4,22,12,16.5,634.8,53.2
4,22,13,17.67,709.2,49.5
4,22,14,18.58,705.7,46.3
4,22,15,18.62,705.8,47.2
4,22,16,18.49,556.8,47.4
4,22,17,18.3,474.8,47.2
4,22,18,17.6,306.1,48.9
4,22,19,16.42,171.8,55.8
4,22,20,14.71,56.1,63.0
4,22,21,13.39,1.2,68.9
4,22,22,12.24,0.0,73.9
4,22,23,11.48,0.0,77.9
4,23,0,11.02,0.0,79.5
4,23,1,10.86,0.0,80.3
4,23,2,10.65,0.0,81.1
4,23,3,10.59,0.0,82.6
4,23,4,9.96,0.0,83.7
4,23,5,9.8,0.0,85.4
4,23,6,9.92,0.0,85.4
4,23,7,10.02,1.6,85.3
4,23,8,10.61,52.7,84.4
4,23,9,12.34,165.7,77.5
4,23,10,14.03,298.4,71.8
4,23,11,15.71,450.1,64.9
4,23,12,16.97,540.2,60.8
4,23,13,18.1,640.6,57.4
4,23,14,18.81,648.8,55.7
4,23,15,19.09,581.2,55.0
4,23,16,19.15,544.0,54.7
4,23,17,19.06,464.4,55.1
4,23,18,18.31,339.5,58.4
4,23,19,17.06,183.0,64.7
4,23,20,15.54,59.2,70.1
4,23,21,13.75,1.5,77.6
4,23,22,12.84,0.0,82.5
4,23,23,12.13,0.0,85.4
4,24,0,12.0,0.0,83.7
4,24,1,11.6,0.0,84.6
4,24,2,11.56,0.0,84.0
4,24,3,11.03,0.0,87.8
4,24,4,10.37,0.0,88.1
4,24,5,10.55,0.0,86.6
4,24,6,10.43,0.0,86.4
4,24,7,10.45,2.6,86.6
4,24,8,11.38,75.6,84.5
4,24,9,13.51,230.7,75.5
4,24,10,15.42,401.8,66.3
4,24,11,17.18,562.9,59.4
4,24,12,18.73,688.0,54.5
4,24,13,20.0,760.3,50.8
4,24,14,20.95,773.0,48.2
4,24,15,21.21,701.6,46.8
4,24,16,21.15,604.2,48.3
4,24,17,20.7,496.0,50.2
4,24,18,20.05,356.3,52.8
4,24,19,18.88,190.9,59.9
4,24,20,16.81,65.4,68.9
4,24,21,15.27,1.8,73.2
4,24,22,13.99,0.0,78.1
4,24,23,13.23,0.0,83.2
4,25,0,12.76,0.0,85.4
4,25,1,12.08,0.0,88.2
4,25,2,11.57,0.0,89.4
4,25,3,11.77,0.0,87.0
4,25,4,11.57,0.0,85.9
4,25,5,10.87,0.0,87.8
4,25,6,11.02,0.0,85.2
4,25,7,10.72,2.7,87.2
4,25,8,11.81,71.4,84.3
4,25,9,13.94,204.8,76.2
4,25,10,16.08,390.1,66.8
4,25,11,17.82,562.9,60.5
4,25,12,19.23,664.0,56.7
4,25,13,20.29,712.4,54.2
4,25,14,21.19,738.2,51.3
4,25,15,21.75,739.9,48.6
4,25,16,21.94,653.3,47.3
4,25,17,21.5,553.2,49.4
4,25,18,20.73,378.1,50.3
4,25,19,19.46,205.0,57.2
4,25,20,17.19,73.3,66.5
4,25,21,15.37,2.0,73.4
4,25,22,14.42,0.0,76.7
4,25,23,13.73,0.0,79.7
4,26,0,13.12,0.0,83.0
4,26,1,12.51,0.0,85.2
4,26,2,11.64,0.0,86.4
4,26,3,11.47,0.0,83.5
4,26,4,10.9,0.0,84.7
4,26,5,10.83,0.0,84.0
4,26,6,10.34,0.0,84.8
4,26,7,9.76,3.7,87.2
4,26,8,11.26,84.6,82.2
4,26,9,13.48,247.4,72.1
4,26,10,15.69,428.1,62.8
4,26,11,17.72,603.8,56.2
4,26,12,19.56,749.9,50.5
4,26,13,20.86,820.4,46.5
4,26,14,21.81,833.3,44.1
4,26,15,22.28,794.8,42.2
4,26,16,22.46,716.5,41.5
4,26,17,22.2,575.3,42.0
4,26,18,21.55,413.1,44.0
4,26,19,20.17,235.8,51.4
4,26,20,17.64,80.6,61.7
4,26,21,15.56,2.7,68.4
4,26,22,14.47,0.0,72.3
4,26,23,13.77,0.0,73.9
4,27,0,13.25,0.0,76.4
4,27,1,13.32,0.0,75.4
4,27,2,12.45,0.0,79.8
4,27,3,11.94,0.0,82.9
4,27,4,11.09,0.0,85.7
4,27,5,10.98,0.0,85.0
4,27,6,11.08,0.0,83.5
4,27,7,11.0,4.3,83.8
4,27,8,12.41,88.7,80.4
4,27,9,14.83,252.5,71.4
4,27,10,17.02,433.7,60.4
4,27,11,18.93,607.8,53.7
4,27,12,20.53,745.2,48.9
4,27,13,21.77,841.0,46.9
4,27,14,22.63,870.0,45.0
4,27,15,23.3,817.5,42.8
4,27,16,23.39,686.7,42.2
4,27,17,22.61,543.4,44.9
4,27,18,21.68,361.4,47.9
4,27,19,20.41,220.7,57.0
4,27,20,17.96,79.8,66.6
4,27,21,16.49,2.9,69.8
4,27,22,15.34,0.0,74.2
4,27,23,14.42,0.0,76.7
4,28,0,13.5,0.0,80.1
4,28,1,13.0,0.0,80.9
4,28,2,12.43,0.0,83.0
4,28,3,12.03,0.0,83.1
4,28,4,12.4,0.0,79.9
4,28,5,11.16,0.0,85.6
4,28,6,11.46,0.0,83.8
4,28,7,11.17,4.9,86.2
4,28,8,12.54,94.4,82.3
4,28,9,15.1,265.5,72.0
4,28,10,17.49,451.1,61.4
4,28,11,19.4,627.5,54.3
4,28,12,21.07,765.0,49.1
4,28,13,22.33,835.7,45.8
4,28,14,23.07,812.3,44.2
4,28,15,23.64,785.3,41.3
4,28,16,23.81,695.4,40.4
4,28,17,23.49,572.9,41.5
4,28,18,22.7,408.1,44.6
4,28,19,21.36,238.7,52.2
4,28,20,19.12,84.1,59.7
4,28,21,16.91,3.3,66.9
4,28,22,15.99,0.0,69.5
4,28,23,15.79,0.0,68.5
4,29,0,14.69,0.0,74.6
4,29,1,14.07,0.0,78.8
4,29,2,13.52,0.0,82.0
4,29,3,13.41,0.0,80.6
4,29,4,12.93,0.0,82.9
4,29,5,12.46,0.0,84.2
4,29,6,12.26,0.0,84.5
4,29,7,12.0,5.1,86.5
4,29,8,13.53,91.6,80.8
4,29,9,15.76,242.6,72.7
4,29,10,17.8,400.9,64.5
4,29,11,19.5,545.8,58.5
4,29,12,21.01,660.2,53.4
4,29,13,22.13,717.7,49.9
4,29,14,22.9,736.3,48.0
4,29,15,22.78,685.9,48.4
4,29,16,22.98,595.7,48.6
4,29,17,22.86,491.8,48.1
4,29,18,22.18,344.2,49.7
4,29,19,21.15,195.2,53.8
4,29,20,19.17,66.0,62.2
4,29,21,17.24,3.1,67.5
4,29,22,16.01,0.0,73.1
4,29,23,15.11,0.0,77.6
4,30,0,14.76,0.0,78.4
4,30,1,14.35,0.0,80.5
4,30,2,13.75,0.0,83.6
4,30,3,13.47,0.0,86.4
4,30,4,13.05,0.0,87.6
4,30,5,12.61,0.0,89.4
4,30,6,12.23,0.0,90.3
4,30,7,12.18,5.4,89.2
4,30,8,13.57,84.6,85.5
4,30,9,15.7,224.4,76.0
4,30,10,17.53,377.9,66.4
4,30,11,19.14,516.7,60.3
4,30,12,20.43,630.6,56.3
4,30,13,21.64,724.3,52.1
4,30,14,22.61,747.9,48.4
4,30,15,22.72,676.5,47.3
4,30,16,22.91,598.1,46.3
4,30,17,22.73,517.1,47.1
4,30,18,22.01,345.0,50.1
4,30,19,21.27,219.8,55.1
4,30,20,19.4,74.7,62.6
4,30,21,17.78,3.7,67.7
4,30,22,16.65,0.0,72.1
4,30,23,15.93,0.0,74.3
5,1,0,15.48,0.0,76.0
5,1,1,14.84,0.0,79.3
5,1,2,14.62,0.0,79.6
5,1,3,14.44,0.0,80.5
5,1,4,13.9,0.0,82.8
5,1,5,13.29,0.0,85.1
5,1,6,12.67,0.0,87.0
5,1,7,12.49,6.6,89.2
5,1,8,14.24,96.2,83.1
5,1,9,16.63,257.6,72.4
5,1,10,18.56,428.3,64.1
5,1,11,20.32,598.5,56.4
5,1,12,21.87,719.7,50.0
5,1,13,22.94,778.1,46.2
5,1,14,23.43,730.9,44.6
5,1,15,23.45,695.1,44.0
5,1,16,23.67,632.1,43.6
5,1,17,23.2,486.0,45.4
5,1,18,22.42,351.4,47.6
5,1,19,21.25,216.3,53.6
5,1,20,19.37,80.3,61.9
5,1,21,17.36,4.2,70.5
5,1,22,16.31,0.0,75.3
5,1,23,15.61,0.0,78.2
5,2,0,15.28,0.0,79.2
5,2,1,14.56,0.0,81.8
5,2,2,13.82,0.0,84.0
5,2,3,13.54,0.0,83.0
5,2,4,13.27,0.0,83.0
5,2,5,12.82,0.0,85.2
5,2,6,12.89,0.0,85.0
5,2,7,12.65,6.6,87.1
5,2,8,14.16,87.8,82.3
5,2,9,16.31,218.2,72.4
5,2,10,18.3,378.4,63.7
5,2,11,19.84,496.9,57.8
5,2,12,21.18,601.9,53.5
5,2,13,22.14,638.5,50.7
5,2,14,22.75,662.7,49.2
5,2,15,22.82,660.0,49.6
5,2,16,22.58,498.1,50.0
5,2,17,22.28,456.0,51.5
5,2,18,21.6,322.6,53.9
5,2,19,20.45,193.0,58.3
5,2,20,18.72,68.8,66.6
5,2,21,17.33,3.4,70.4
5,2,22,16.59,0.0,72.9
5,2,23,15.67,0.0,76.1
5,3,0,14.81,0.0,80.6
5,3,1,14.64,0.0,82.1
5,3,2,14.05,0.0,85.0
5,3,3,14.45,0.0,80.7
5,3,4,13.64,0.0,84.0
5,3,5,13.58,0.0,83.1
5,3,6,13.47,0.0,82.8
5,3,7,13.04,7.4,84.6
5,3,8,14.21,88.0,81.7
5,3,9,16.4,231.9,70.9
5,3,10,18.37,388.1,61.5
5,3,11,20.05,543.8,53.6
5,3,12,21.31,653.2,48.2
5,3,13,22.48,741.3,44.3
5,3,14,23.02,746.5,42.5
5,3,15,23.19,668.4,42.1
5,3,16,22.93,592.7,42.3
5,3,17,22.62,489.5,43.3
5,3,18,21.93,348.1,45.4
5,3,19,20.67,196.3,51.7
5,3,20,18.99,78.5,59.3
5,3,21,17.41,4.6,64.0
5,3,22,16.3,0.0,68.7
5,3,23,15.77,0.0,70.6
5,4,0,15.52,0.0,70.6
5,4,1,15.0,0.0,72.9
5,4,2,14.41,0.0,74.3
5,4,3,14.38,0.0,74.8
5,4,4,14.01,0.0,74.6
5,4,5,13.33,0.0,76.4
5,4,6,13.05,0.0,77.2
5,4,7,13.09,8.1,78.7
5,4,8,14.49,96.0,73.8
5,4,9,16.51,246.9,65.2
5,4,10,18.2,412.4,57.3
5,4,11,19.53,529.0,52.5
5,4,12,20.71,622.4,49.3
5,4,13,21.5,635.4,47.2
5,4,14,22.29,715.2,44.6
5,4,15,22.75,730.2,43.9
5,4,16,22.72,657.4,43.5
5,4,17,22.6,566.7,42.3
5,4,18,22.04,398.0,43.4
5,4,19,20.79,235.4,48.5
5,4,20,18.85,83.6,58.4
5,4,21,17.22,5.3,63.5
5,4,22,16.19,0.0,66.2
5,4,23,15.39,0.0,69.8
5,5,0,14.8,0.0,73.1
5,5,1,14.51,0.0,74.2
5,5,2,14.12,0.0,75.7
5,5,3,14.28,0.0,76.6
5,5,4,13.86,0.0,78.4
5,5,5,13.45,0.0,81.2
5,5,6,13.24,0.0,81.4
5,5,7,13.28,8.6,81.1
5,5,8,14.42,95.4,78.7
5,5,9,16.55,251.2,69.4
5,5,10,18.46,418.3,61.0
5,5,11,20.21,574.1,54.4
5,5,12,21.85,713.0,49.1
5,5,13,23.19,807.8,44.9
5,5,14,23.99,798.9,42.6
5,5,15,24.05,782.5,41.9
5,5,16,24.51,660.1,39.8
5,5,17,24.32,552.8,40.5
5,5,18,23.59,394.2,43.8
5,5,19,22.39,243.6,49.8
5,5,20,20.28,95.1,58.5
5,5,21,18.17,6.3,66.0
5,5,22,16.9,0.0,70.6
5,5,23,16.23,0.0,73.4
5,6,0,15.52,0.0,76.8
5,6,1,14.93,0.0,80.4
5,6,2,14.62,0.0,81.8
5,6,3,13.91,0.0,82.4
5,6,4,13.9,0.0,82.0
5,6,5,13.23,0.0,84.3
5,6,6,12.92,0.0,85.5
5,6,7,12.98,10.4,84.9
5,6,8,14.57,112.5,79.9
5,6,9,17.16,281.6,68.4
5,6,10,19.4,464.5,57.2
5,6,11,21.04,620.2,50.5
5,6,12,22.41,737.6,46.9
5,6,13,23.44,788.6,44.4
5,6,14,24.21,780.5,41.7
5,6,15,24.8,752.5,39.7
5,6,16,24.73,715.4,40.8
5,6,17,23.99,563.7,42.7
5,6,18,23.35,394.2,43.3
5,6,19,22.3,246.3,47.2
5,6,20,20.22,86.1,56.6
5,6,21,18.47,5.9,63.6
5,6,22,17.46,0.0,66.4
5,6,23,16.48,0.0,70.6
5,7,0,15.73,0.0,74.0
5,7,1,15.09,0.0,76.4
5,7,2,14.51,0.0,77.9
5,7,3,14.63,0.0,77.4
5,7,4,13.95,0.0,80.5
5,7,5,13.52,0.0,82.6
5,7,6,13.33,0.0,81.9
5,7,7,13.44,11.2,80.8
5,7,8,15.04,109.7,76.2
5,7,9,17.24,270.1,67.2
5,7,10,18.99,424.6,58.0
5,7,11,20.45,577.5,52.8
5,7,12,22.02,727.5,48.0
5,7,13,23.18,792.3,43.6
5,7,14,23.58,747.6,42.8
5,7,15,23.07,640.4,45.6
5,7,16,23.43,618.0,44.0
5,7,17,23.49,555.0,43.3
5,7,18,23.12,422.1,43.9
5,7,19,21.93,238.5,47.7
5,7,20,19.97,92.3,54.7
5,7,21,18.03,7.1,61.3
5,7,22,16.87,0.0,65.0
5,7,23,15.83,0.0,69.7
5,8,0,14.91,0.0,73.7
5,8,1,14.43,0.0,76.6
5,8,2,13.74,0.0,79.6
5,8,3,13.71,0.0,80.1
5,8,4,13.11,0.0,82.2
5,8,5,12.72,0.0,82.3
5,8,6,12.7,0.0,81.3
5,8,7,12.52,13.2,83.6
5,8,8,14.57,122.7,78.1
5,8,9,17.15,286.8,65.9
5,8,10,19.21,472.4,56.7
5,8,11,20.77,621.3,50.6
5,8,12,22.1,757.2,45.9
5,8,13,23.2,825.1,42.5
5,8,14,23.95,841.2,40.3
5,8,15,23.76,781.5,40.5
5,8,16,24.14,722.9,39.7
5,8,17,23.94,589.4,39.9
5,8,18,23.22,423.1,42.5
5,8,19,22.22,258.3,47.5
5,8,20,20.54,101.0,56.0
5,8,21,18.5,8.2,61.0
5,8,22,16.8,0.0,67.1
5,8,23,16.07,0.0,69.6
5,9,0,15.52,0.0,73.1
5,9,1,14.8,0.0,76.6
5,9,2,14.03,0.0,80.4
5,9,3,14.01,0.0,80.6
5,9,4,13.43,0.0,82.6
5,9,5,13.46,0.0,81.9
5,9,6,13.47,0.0,81.9
5,9,7,13.52,10.4,82.6
5,9,8,14.7,91.4,80.6
5,9,9,16.44,220.6,72.1
5,9,10,17.75,343.6,66.9
5,9,11,18.95,446.0,61.9
5,9,12,20.07,536.5,57.2
5,9,13,20.57,618.9,56.7
5,9,14,21.25,662.3,54.4
5,9,15,21.48,635.9,53.0
5,9,16,21.8,547.9,50.3
5,9,17,21.52,455.5,51.1
5,9,18,20.99,322.8,52.5
5,9,19,20.25,178.9,55.5
5,9,20,18.57,74.7,65.1
5,9,21,17.04,6.4,71.6
5,9,22,16.22,0.0,73.6
5,9,23,15.68,0.0,75.5
5,10,0,15.04,0.0,78.9
5,10,1,14.34,0.0,82.7
5,10,2,14.09,0.0,83.5
5,10,3,13.95,0.0,84.6
5,10,4,13.44,0.0,87.5
5,10,5,13.22,0.0,88.7
5,10,6,12.68,0.0,90.5
5,10,7,12.77,11.0,91.4
5,10,8,14.12,96.3,87.4
5,10,9,16.1,238.0,76.9
5,10,10,17.69,390.6,68.6
5,10,11,19.15,527.3,62.3
5,10,12,20.71,674.4,55.6
5,10,13,21.52,675.3,52.5
5,10,14,22.0,685.3,51.4
5,10,15,22.15,688.1,50.9
5,10,16,22.05,545.3,51.7
5,10,17,21.57,422.0,52.8
5,10,18,21.24,339.4,53.7
5,10,19,20.33,198.1,57.5
5,10,20,19.03,81.7,64.6
5,10,21,17.41,7.6,69.6
5,10,22,16.31,0.0,74.3
5,10,23,15.77,0.0,77.8
5,11,0,14.84,0.0,83.4
5,11,1,14.58,0.0,85.3
5,11,2,14.24,0.0,87.0
5,11,3,13.85,0.0,86.6
5,11,4,13.24,0.0,88.5
5,11,5,13.25,0.0,88.7
5,11,6,12.85,0.0,90.4
5,11,7,12.78,14.4,91.5
5,11,8,14.63,120.5,84.1
5,11,9,17.01,281.2,72.2
5,11,10,18.89,445.4,62.7
5,11,11,20.46,601.1,55.9
5,11,12,21.82,721.0,50.2
5,11,13,22.78,766.6,46.9
5,11,14,23.41,799.8,45.7
5,11,15,23.32,776.1,45.1
5,11,16,22.88,590.9,47.2
5,11,17,22.47,510.4,49.1
5,11,18,21.78,357.4,51.8
5,11,19,20.81,209.7,56.1
5,11,20,19.26,80.7,65.2
5,11,21,17.4,8.2,71.8
5,11,22,16.61,0.0,74.6
5,11,23,16.07,0.0,76.0
5,12,0,15.19,0.0,81.7
5,12,1,14.83,0.0,84.5
5,12,2,14.38,0.0,85.5
5,12,3,14.43,0.0,84.4
5,12,4,13.57,0.0,87.7
5,12,5,13.25,0.0,89.3
5,12,6,13.02,0.0,89.7
5,12,7,13.12,15.6,89.7
5,12,8,14.65,115.6,83.8
5,12,9,16.97,292.1,73.6
5,12,10,18.88,450.1,64.7
5,12,11,20.57,575.3,58.0
5,12,12,22.18,698.6,52.3
5,12,13,23.5,804.6,48.4
5,12,14,24.4,796.0,45.4
5,12,15,24.48,764.1,45.1
5,12,16,24.49,652.8,44.2
5,12,17,23.97,550.6,46.7
5,12,18,23.27,410.1,49.5
5,12,19,22.03,230.9,55.2
5,12,20,20.55,95.0,60.1
5,12,21,18.42,9.4,67.9
5,12,22,17.56,0.0,71.1
5,12,23,16.73,0.0,76.5
5,13,0,16.24,0.0,80.2
5,13,1,15.99,0.0,80.9
5,13,2,15.41,0.0,82.1
5,13,3,15.18,0.0,82.5
5,13,4,14.57,0.0,85.0
5,13,5,14.5,0.0,84.7
5,13,6,14.15,0.0,85.8
5,13,7,14.12,15.5,87.3
5,13,8,15.53,123.1,82.4
5,13,9,17.89,282.4,71.9
5,13,10,19.75,453.1,63.4
5,13,11,21.61,613.7,55.6
5,13,12,23.2,720.0,49.7
5,13,13,24.33,772.7,46.6
5,13,14,25.19,820.0,43.7
5,13,15,25.48,784.4,42.5
5,13,16,25.82,714.4,40.7
5,13,17,24.98,575.1,45.0
5,13,18,24.19,421.4,47.5
5,13,19,22.99,253.4,51.4
5,13,20,21.31,109.9,57.2
5,13,21,19.07,10.6,64.9
5,13,22,18.36,0.0,67.0
5,13,23,17.76,0.0,70.0
5,14,0,16.95,0.0,74.0
5,14,1,16.2,0.0,76.3
5,14,2,15.55,0.0,79.5
5,14,3,15.07,0.0,79.8
5,14,4,14.67,0.0,80.9
5,14,5,14.31,0.0,82.7
5,14,6,13.95,0.0,83.4
5,14,7,14.15,16.5,83.3
5,14,8,15.59,102.9,79.8
5,14,9,18.05,260.1,69.4
5,14,10,19.87,389.0,62.3
5,14,11,21.65,548.0,55.8
5,14,12,22.83,609.5,52.7
5,14,13,23.93,724.7,49.8
5,14,14,24.62,741.3,47.1
5,14,15,24.85,680.8,47.2
5,14,16,24.7,603.9,47.3
5,14,17,24.42,517.7,47.2
5,14,18,23.5,353.5,51.0
5,14,19,22.58,233.1,55.0
5,14,20,20.82,98.5,63.5
5,14,21,18.98,11.4,69.8
5,14,22,18.06,0.0,72.7
5,14,23,17.06,0.0,75.6
5,15,0,16.19,0.0,79.2
5,15,1,15.83,0.0,79.8
5,15,2,15.19,0.0,82.4
5,15,3,15.07,0.0,84.4
5,15,4,14.72,0.0,86.0
5,15,5,14.3,0.0,87.7
5,15,6,14.11,0.0,87.6
5,15,7,14.12,18.0,87.6
5,15,8,15.78,127.7,82.2
5,15,9,18.1,272.7,70.7
5,15,10,19.98,421.0,62.4
5,15,11,21.56,543.2,56.4
5,15,12,22.79,632.8,52.8
5,15,13,23.7,682.3,51.3
5,15,14,24.13,646.6,50.8
5,15,15,24.22,643.2,49.7
5,15,16,24.26,593.2,49.3
5,15,17,23.79,516.7,50.7
5,15,18,22.92,358.1,54.2
5,15,19,21.98,221.8,58.8
5,15,20,20.51,94.1,67.1
5,15,21,18.78,11.3,73.2
5,15,22,17.82,0.0,77.1
5,15,23,17.51,0.0,77.8
5,16,0,17.42,0.0,77.2
5,16,1,16.42,0.0,81.9
5,16,2,15.84,0.0,84.3
5,16,3,15.11,0.0,87.8
5,16,4,15.07,0.0,88.3
5,16,5,14.75,0.0,89.8
5,16,6,14.54,0.0,89.8
5,16,7,14.95,15.7,88.0
5,16,8,16.37,109.3,82.7
5,16,9,18.19,239.0,74.0
5,16,10,19.62,371.1,67.7
5,16,11,21.02,508.9,62.4
5,16,12,22.09,575.0,59.6
5,16,13,23.29,644.5,55.1
5,16,14,24.18,673.9,51.3
5,16,15,24.22,635.7,50.8
5,16,16,24.37,573.5,49.7
5,16,17,24.38,454.6,48.8
5,16,18,23.81,349.9,50.5
5,16,19,23.0,231.9,54.3
5,16,20,21.01,101.6,65.3
5,16,21,19.07,12.2,70.1
5,16,22,18.16,0.0,74.2
5,16,23,17.52,0.0,76.8
5,17,0,16.8,0.0,80.5
5,17,1,16.39,0.0,80.9
5,17,2,15.84,0.0,82.6
5,17,3,15.68,0.0,81.9
5,17,4,15.0,0.0,82.7
5,17,5,14.53,0.0,83.8
5,17,6,14.29,0.0,84.5
5,17,7,14.47,19.6,85.9
5,17,8,16.07,129.4,81.3
5,17,9,18.19,290.5,72.1
5,17,10,20.14,462.0,63.9
5,17,11,21.91,623.5,57.4
5,17,12,23.31,711.7,52.1
5,17,13,24.45,771.6,48.0
5,17,14,25.24,763.0,45.4
5,17,15,25.45,755.2,45.2
5,17,16,25.1,638.2,47.0
5,17,17,25.26,549.5,46.2
5,17,18,24.62,408.2,48.3
5,17,19,23.54,261.9,54.5
5,17,20,21.56,113.0,66.7
5,17,21,19.51,13.6,72.4
5,17,22,18.67,0.0,74.4
5,17,23,17.79,0.0,77.9
5,18,0,17.21,0.0,79.2
5,18,1,16.42,0.0,82.5
5,18,2,16.34,0.0,82.5
5,18,3,15.88,0.0,84.9
5,18,4,14.98,0.0,88.9
5,18,5,14.57,0.0,89.5
5,18,6,14.81,0.0,87.4
5,18,7,14.96,22.2,87.6
5,18,8,16.91,144.6,80.8
5,18,9,19.36,317.8,68.9
5,18,10,21.38,501.2,58.0
5,18,11,23.1,653.2,50.7
5,18,12,24.32,737.2,46.9
5,18,13,25.14,781.5,44.6
5,18,14,25.83,825.1,42.5
5,18,15,25.93,797.8,42.2
5,18,16,26.13,686.2,41.8
5,18,17,25.79,583.0,41.8
5,18,18,24.98,427.9,42.2
5,18,19,23.68,263.1,46.7
5,18,20,21.98,105.5,55.0
5,18,21,20.33,13.6,59.5
5,18,22,19.11,0.0,64.7
5,18,23,18.13,0.0,71.5
5,19,0,17.6,0.0,73.5
5,19,1,16.87,0.0,77.2
5,19,2,16.77,0.0,77.4
5,19,3,16.23,0.0,78.2
5,19,4,15.98,0.0,77.0
5,19,5,15.66,0.0,78.5
5,19,6,15.11,0.0,81.4
5,19,7,15.37,19.2,81.8
5,19,8,16.74,121.8,78.7
5,19,9,18.89,288.2,66.9
5,19,10,20.39,441.8,60.3
5,19,11,21.71,593.8,55.9
5,19,12,22.9,703.6,52.5
5,19,13,23.84,757.8,49.3
5,19,14,24.48,716.1,47.0
5,19,15,25.07,716.4,44.1
5,19,16,25.15,695.7,44.2
5,19,17,24.85,583.4,45.7
5,19,18,24.28,426.8,47.8
5,19,19,23.26,257.6,51.5
5,19,20,21.64,115.7,59.6
5,19,21,19.53,15.4,67.7
5,19,22,18.92,0.0,68.6
5,19,23,18.2,0.0,72.1
5,20,0,17.11,0.0,77.0
5,20,1,16.71,0.0,77.8
5,20,2,15.63,0.0,83.2
5,20,3,15.47,0.0,83.8
5,20,4,15.14,0.0,84.6
5,20,5,14.81,0.0,84.1
5,20,6,14.89,0.0,81.7
5,20,7,15.21,21.5,81.0
5,20,8,17.18,139.4,74.7
5,20,9,19.65,305.2,63.8
5,20,10,21.5,469.2,55.7
5,20,11,22.98,610.4,50.7
5,20,12,24.27,742.4,46.5
5,20,13,25.37,804.2,43.2
5,20,14,25.68,788.0,42.2
5,20,15,25.63,731.0,45.0
5,20,16,25.6,645.9,44.7
5,20,17,25.19,505.7,44.9
5,20,18,24.22,373.7,49.2
5,20,19,23.14,231.4,54.8
5,20,20,21.62,98.2,61.1
5,20,21,19.72,14.3,65.9
5,20,22,18.89,0.0,67.9
5,20,23,17.83,0.0,72.8
5,21,0,17.04,0.0,78.0
5,21,1,16.48,0.0,81.8
5,21,2,16.31,0.0,81.8
5,21,3,15.97,0.0,82.9
5,21,4,15.57,0.0,84.9
5,21,5,15.41,0.0,83.9
5,21,6,15.19,0.0,83.8
5,21,7,15.87,20.1,80.7
5,21,8,17.23,126.1,76.1
5,21,9,19.01,272.0,68.3
5,21,10,20.49,411.4,63.3
5,21,11,21.7,531.5,59.3
5,21,12,22.63,604.7,56.2
5,21,13,23.36,632.4,53.9
5,21,14,23.8,598.5,52.4
5,21,15,22.86,563.6,58.1
5,21,16,22.71,445.8,59.6
5,21,17,22.32,382.7,60.7
5,21,18,21.8,297.1,63.0
5,21,19,21.19,198.0,65.7
5,21,20,19.9,88.4,71.1
5,21,21,18.38,12.4,75.1
5,21,22,17.67,0.0,75.8
5,21,23,17.24,0.0,76.0
5,22,0,16.7,0.0,78.2
5,22,1,15.82,0.0,82.7
5,22,2,15.77,0.0,82.9
5,22,3,15.67,0.0,83.4
5,22,4,15.37,0.0,82.8
5,22,5,14.85,0.0,83.8
5,22,6,14.93,0.0,82.1
5,22,7,15.16,21.6,82.0
5,22,8,16.59,127.0,78.1
5,22,9,18.48,262.4,69.5
5,22,10,20.43,434.0,60.9
5,22,11,22.09,571.6,55.7
5,22,12,23.43,657.7,51.8
5,22,13,24.46,739.3,49.0
5,22,14,25.29,793.4,45.4
5,22,15,24.61,706.7,48.7
5,22,16,25.14,648.7,45.4
5,22,17,25.09,551.6,44.7
5,22,18,24.65,414.7,45.4
5,22,19,23.63,272.4,50.9
5,22,20,22.0,117.4,60.3
5,22,21,19.91,17.8,66.2
5,22,22,19.0,0.0,68.0
5,22,23,18.36,0.0,70.4
5,23,0,17.27,0.0,74.8
5,23,1,16.85,0.0,77.3
5,23,2,16.0,0.0,81.3
5,23,3,15.5,0.0,83.2
5,23,4,15.17,0.0,83.1
5,23,5,14.69,0.0,84.6
5,23,6,14.5,0.0,84.3
5,23,7,14.71,26.5,86.4
5,23,8,16.85,158.1,79.1
5,23,9,19.37,336.3,67.5
5,23,10,21.49,522.0,58.1
5,23,11,23.29,684.2,51.6
5,23,12,24.74,775.6,47.1
5,23,13,25.82,817.1,44.2
5,23,14,26.23,832.4,43.6
5,23,15,26.39,776.2,42.5
5,23,16,26.06,640.8,43.7
5,23,17,25.2,517.6,47.9
5,23,18,24.42,370.6,50.9
5,23,19,23.52,236.1,55.2
5,23,20,21.99,115.8,64.8
5,23,21,20.38,17.5,68.5
5,23,22,19.01,0.0,74.5
5,23,23,18.15,0.0,78.0
5,24,0,17.12,0.0,83.2
5,24,1,16.64,0.0,85.7
5,24,2,16.42,0.0,85.9
5,24,3,16.62,0.0,85.5
5,24,4,16.2,0.0,87.7
5,24,5,15.67,0.0,89.4
5,24,6,15.25,0.0,90.8
5,24,7,15.58,22.5,89.8
5,24,8,17.18,128.1,84.1
5,24,9,19.29,281.8,73.6
5,24,10,21.26,453.7,66.3
5,24,11,23.06,627.6,58.8
5,24,12,24.39,743.8,53.8
5,24,13,25.35,798.8,49.8
5,24,14,25.74,797.4,48.0
5,24,15,25.84,721.3,48.9
5,24,16,26.26,641.5,46.2
5,24,17,25.85,545.3,47.4
5,24,18,25.33,391.9,49.3
5,24,19,24.15,254.9,53.0
5,24,20,22.87,123.5,60.2
5,24,21,21.11,19.5,63.4
5,24,22,20.1,0.0,68.4
5,24,23,18.93,0.0,72.9
5,25,0,17.76,0.0,78.8
5,25,1,17.08,0.0,81.4
5,25,2,16.9,0.0,81.2
5,25,3,16.3,0.0,84.5
5,25,4,16.0,0.0,83.9
5,25,5,15.59,0.0,84.3
5,25,6,15.06,0.0,85.7
5,25,7,15.52,26.3,85.7
5,25,8,17.64,146.3,77.4
5,25,9,19.9,320.8,66.6
5,25,10,21.74,498.8,58.0
5,25,11,23.26,652.3,52.5
5,25,12,24.64,780.3,48.3
5,25,13,25.66,844.4,45.0
5,25,14,26.4,819.9,41.7
5,25,15,26.4,743.5,41.8
5,25,16,26.14,638.5,42.9
5,25,17,26.1,534.2,42.7
5,25,18,25.32,404.6,44.9
5,25,19,24.5,258.9,48.1
5,25,20,22.97,118.4,57.8
5,25,21,20.83,18.2,61.8
5,25,22,19.41,0.0,67.8
5,25,23,18.47,0.0,72.6
5,26,0,17.54,0.0,77.5
5,26,1,16.94,0.0,81.1
5,26,2,16.37,0.0,83.2
5,26,3,16.22,0.0,80.5
5,26,4,15.71,0.0,82.3
5,26,5,15.34,0.0,84.0
5,26,6,14.85,0.0,85.5
5,26,7,15.3,26.7,84.7
5,26,8,17.22,144.1,77.1
5,26,9,19.42,305.5,66.8
5,26,10,21.26,472.5,58.9
5,26,11,22.81,620.6,53.1
5,26,12,24.08,722.5,49.2
5,26,13,25.03,752.7,46.4
5,26,14,25.82,769.8,43.9
5,26,15,26.24,737.1,41.9
5,26,16,26.15,653.8,41.8
5,26,17,25.79,526.5,41.8
5,26,18,25.09,385.4,44.2
5,26,19,24.3,252.1,48.3
5,26,20,22.77,116.1,55.5
5,26,21,20.85,18.5,62.3
5,26,22,19.89,0.0,66.2
5,26,23,19.45,0.0,66.9
5,27,0,18.53,0.0,70.7
5,27,1,17.52,0.0,76.3
5,27,2,17.08,0.0,79.2
5,27,3,16.92,0.0,78.7
5,27,4,16.17,0.0,83.0
5,27,5,15.5,0.0,85.4
5,27,6,15.36,0.0,85.9
5,27,7,16.02,27.5,83.4
5,27,8,17.88,139.2,77.1
5,27,9,20.28,308.0,65.7
5,27,10,22.22,485.1,56.6
5,27,11,23.76,652.9,50.9
5,27,12,25.0,759.8,47.4
5,27,13,25.71,779.9,44.8
5,27,14,25.92,746.2,44.3
5,27,15,25.16,688.3,47.5
5,27,16,25.6,597.4,44.2
5,27,17,25.58,524.3,43.7
5,27,18,25.18,408.0,45.4
5,27,19,24.34,259.6,49.1
5,27,20,22.94,122.6,57.1
5,27,21,21.04,20.1,61.2
5,27,22,19.57,0.0,66.3
5,27,23,18.99,0.0,67.6
5,28,0,18.5,0.0,69.7
5,28,1,17.59,0.0,72.7
5,28,2,16.84,0.0,76.5
5,28,3,16.98,0.0,78.7
5,28,4,16.38,0.0,80.6
5,28,5,16.15,0.0,81.0
5,28,6,16.17,0.0,80.0
5,28,7,16.12,28.2,84.5
5,28,8,17.87,144.9,76.6
5,28,9,19.78,304.6,67.4
5,28,10,21.45,477.3,60.3
5,28,11,22.81,623.7,55.3
5,28,12,24.02,737.8,51.9
5,28,13,25.02,786.3,48.2
5,28,14,25.29,771.9,47.3
5,28,15,25.09,702.8,47.8
5,28,16,24.98,665.3,48.9
5,28,17,24.64,535.2,49.8
5,28,18,24.55,417.9,48.7
5,28,19,23.78,267.9,51.3
5,28,20,22.46,122.5,59.0
5,28,21,20.69,21.9,64.2
5,28,22,19.3,0.0,70.5
5,28,23,18.29,0.0,75.0
5,29,0,18.06,0.0,73.3
5,29,1,17.44,0.0,75.5
5,29,2,16.8,0.0,79.4
5,29,3,16.41,0.0,81.3
5,29,4,16.27,0.0,81.5
5,29,5,16.02,0.0,82.0
5,29,6,15.28,0.0,84.7
5,29,7,15.73,29.0,83.6
5,29,8,17.4,144.6,77.0
5,29,9,19.68,321.7,64.8
5,29,10,21.5,494.1,56.2
5,29,11,22.95,646.4,50.4
5,29,12,24.16,755.1,46.4
5,29,13,25.13,832.6,43.0
5,29,14,25.77,783.9,41.1
5,29,15,25.13,769.2,44.2
5,29,16,25.61,669.7,41.7
5,29,17,25.64,576.6,41.6
5,29,18,25.41,440.2,42.1
5,29,19,24.66,286.0,44.9
5,29,20,23.18,133.2,55.3
5,29,21,20.93,23.7,61.4
5,29,22,20.02,0.0,64.8
5,29,23,19.29,0.0,67.3
5,30,0,18.61,0.0,71.2
5,30,1,17.85,0.0,74.7
5,30,2,17.17,0.0,78.2
5,30,3,17.37,0.0,76.1
5,30,4,17.02,0.0,78.2
5,30,5,16.2,0.0,81.6
5,30,6,16.03,0.0,82.6
5,30,7,16.11,29.1,84.3
5,30,8,18.06,149.9,75.7
5,30,9,20.37,316.8,63.4
5,30,10,22.08,489.9,55.5
5,30,11,23.61,645.9,49.4
5,30,12,24.91,758.8,44.8
5,30,13,26.04,832.2,41.7
5,30,14,26.83,833.8,39.3
5,30,15,26.6,764.7,42.4
5,30,16,26.58,582.1,43.1
5,30,17,26.67,529.1,42.2
5,30,18,26.32,405.8,43.1
5,30,19,25.42,282.4,47.8
5,30,20,23.74,124.5,57.7
5,30,21,21.65,21.8,66.1
5,30,22,20.54,0.0,69.4
5,30,23,19.47,0.0,74.6
5,31,0,18.88,0.0,78.3
5,31,1,18.14,0.0,82.7
5,31,2,17.23,0.0,86.6
5,31,3,17.26,0.0,85.1
5,31,4,16.54,0.0,88.1
5,31,5,16.34,0.0,88.7
5,31,6,16.02,0.0,89.7
5,31,7,16.43,29.0,88.1
5,31,8,17.97,148.3,82.6
5,31,9,20.26,326.6,69.3
5,31,10,22.1,503.3,59.8
5,31,11,23.67,646.1,53.0
5,31,12,24.88,733.7,48.6
5,31,13,25.9,784.6,45.4
5,31,14,26.73,829.2,42.5
5,31,15,26.98,757.8,40.9
5,31,16,27.46,690.3,39.7
5,31,17,27.26,582.2,40.4
5,31,18,26.25,423.2,44.9
5,31,19,25.48,268.7,48.8
5,31,20,23.82,123.6,59.1
5,31,21,21.82,22.4,64.1
5,31,22,20.72,0.0,69.4
5,31,23,19.9,0.0,72.4
6,1,0,18.48,0.0,78.2
6,1,1,17.61,0.0,81.8
6,1,2,16.98,0.0,84.4
6,1,3,16.72,0.0,87.0
6,1,4,15.98,0.0,88.0
6,1,5,15.86,0.0,87.4
6,1,6,15.59,0.0,87.8
6,1,7,16.14,33.5,86.4
6,1,8,18.27,165.3,78.1
6,1,9,20.67,337.8,65.1
6,1,10,22.63,506.2,55.5
6,1,11,24.38,681.9,48.5
6,1,12,25.82,796.7,44.2
6,1,13,27.04,873.2,40.5
6,1,14,27.73,855.3,38.4
6,1,15,27.85,805.0,38.3
6,1,16,28.01,699.0,37.0
6,1,17,28.02,596.1,36.7
6,1,18,27.59,461.9,37.1
6,1,19,26.5,287.7,42.3
6,1,20,24.68,133.6,53.7
6,1,21,22.41,25.7,57.5
6,1,22,20.83,0.0,63.9
6,1,23,19.96,0.0,67.1
6,2,0,19.35,0.0,68.8
6,2,1,18.75,0.0,71.2
6,2,2,17.83,0.0,74.8
6,2,3,17.78,0.0,76.2
6,2,4,16.93,0.0,79.9
6,2,5,16.99,0.0,79.1
6,2,6,16.63,0.0,80.1
6,2,7,17.1,33.6,80.2
6,2,8,19.23,162.9,72.5
6,2,9,21.6,334.6,60.5
6,2,10,23.42,512.3,52.1
6,2,11,24.85,656.0,47.1
6,2,12,26.19,769.8,43.8
6,2,13,27.32,823.4,41.0
6,2,14,28.03,828.6,39.2
6,2,15,28.19,771.2,38.0
6,2,16,28.02,671.9,39.4
6,2,17,27.84,571.5,39.6
6,2,18,27.65,431.0,39.8
6,2,19,27.0,283.1,42.6
6,2,20,25.29,132.9,54.4
6,2,21,23.53,25.6,55.4
6,2,22,21.65,0.0,64.9
6,2,23,20.57,0.0,70.7
6,3,0,19.92,0.0,72.3
6,3,1,18.81,0.0,78.2
6,3,2,18.13,0.0,83.0
6,3,3,17.97,0.0,82.4
6,3,4,17.21,0.0,83.9
6,3,5,16.92,0.0,84.4
6,3,6,16.27,0.0,86.4
6,3,7,17.07,33.5,83.0
6,3,8,18.99,160.4,76.7
6,3,9,21.5,334.6,62.9
6,3,10,23.55,513.3,51.7
6,3,11,25.21,675.7,45.5
6,3,12,26.54,778.5,42.0
6,3,13,27.48,829.8,39.4
6,3,14,27.94,838.9,39.5
6,3,15,27.93,748.0,38.5
6,3,16,28.05,653.2,37.8
6,3,17,27.71,553.7,39.7
6,3,18,27.39,396.6,40.6
6,3,19,26.38,267.2,45.0
6,3,20,24.88,132.6,54.1
6,3,21,22.94,26.2,57.2
6,3,22,21.46,0.0,63.4
6,3,23,20.95,0.0,66.1
6,4,0,20.02,0.0,71.8
6,4,1,19.15,0.0,75.3
6,4,2,18.57,0.0,77.8
6,4,3,18.27,0.0,78.7
6,4,4,17.82,0.0,80.0
6,4,5,17.18,0.0,82.3
6,4,6,16.68,0.0,84.1
6,4,7,17.19,33.4,84.3
6,4,8,19.24,157.0,75.4
6,4,9,21.65,327.7,64.0
6,4,10,23.57,498.1,54.8
6,4,11,25.34,671.9,47.8
6,4,12,26.75,753.7,43.3
6,4,13,27.89,812.9,39.8
6,4,14,28.46,806.3,38.2
6,4,15,28.8,757.1,37.4
6,4,16,29.01,692.2,37.0
6,4,17,28.95,603.4,36.6
6,4,18,28.41,462.0,38.5
6,4,19,27.37,294.4,42.6
6,4,20,25.57,140.7,52.3
6,4,21,23.78,27.7,57.6
6,4,22,22.62,0.0,62.8
6,4,23,21.84,0.0,65.7
6,5,0,20.91,0.0,70.1
6,5,1,20.43,0.0,72.6
6,5,2,19.64,0.0,77.2
6,5,3,19.3,0.0,79.1
6,5,4,18.24,0.0,81.9
6,5,5,18.4,0.0,79.7
6,5,6,18.0,0.0,81.2
6,5,7,18.27,33.7,82.0
6,5,8,19.95,158.4,76.3
6,5,9,22.18,330.6,65.1
6,5,10,24.22,518.5,55.3
6,5,11,25.88,665.3,49.7
6,5,12,27.38,777.4,44.6
6,5,13,28.29,802.5,41.7
6,5,14,28.7,799.2,40.9
6,5,15,29.33,789.6,38.9
6,5,16,29.15,692.3,39.1
6,5,17,28.46,572.8,40.9
6,5,18,27.85,433.1,41.8
6,5,19,26.94,261.6,46.3
6,5,20,25.53,127.1,51.2
6,5,21,23.84,25.2,56.1
6,5,22,22.46,0.0,61.7
6,5,23,21.78,0.0,64.6
6,6,0,20.6,0.0,70.8
6,6,1,20.2,0.0,73.4
6,6,2,19.86,0.0,76.2
6,6,3,19.34,0.0,79.1
6,6,4,18.99,0.0,80.5
6,6,5,18.56,0.0,82.0
6,6,6,17.89,0.0,84.8
6,6,7,18.66,29.9,82.3
6,6,8,20.25,140.3,77.3
6,6,9,22.06,280.1,67.9
6,6,10,24.21,477.3,57.3
6,6,11,25.68,604.6,50.6
6,6,12,26.97,714.4,45.9
6,6,13,28.13,808.9,42.6
6,6,14,28.83,799.6,40.9
6,6,15,29.01,749.0,40.2
6,6,16,29.38,685.3,39.6
6,6,17,28.97,574.4,40.1
6,6,18,28.14,418.7,42.2
6,6,19,27.28,273.1,45.1
6,6,20,25.84,128.5,54.3
6,6,21,24.09,26.1,56.7
6,6,22,22.85,0.0,61.4
6,6,23,22.01,0.0,64.9
6,7,0,21.18,0.0,69.2
6,7,1,20.06,0.0,76.0
6,7,2,19.6,0.0,78.3
6,7,3,18.97,0.0,81.6
6,7,4,18.92,0.0,80.8
6,7,5,18.36,0.0,84.8
6,7,6,18.01,0.0,85.6
6,7,7,18.54,31.7,83.9
6,7,8,20.46,149.3,77.1
6,7,9,22.69,320.9,65.4
6,7,10,24.4,488.9,56.9
6,7,11,25.95,639.2,51.2
6,7,12,27.22,739.5,47.2
6,7,13,28.09,801.2,44.7
6,7,14,28.49,796.3,44.3
6,7,15,28.39,722.8,45.5
6,7,16,28.59,643.2,45.6
6,7,17,28.31,513.1,44.9
6,7,18,27.77,388.7,47.2
6,7,19,26.67,250.4,51.8
6,7,20,25.44,133.7,57.8
6,7,21,23.63,29.4,62.2
6,7,22,22.16,0.0,66.4
6,7,23,21.33,0.0,70.6
6,8,0,20.54,0.0,74.8
6,8,1,19.77,0.0,79.3
6,8,2,19.31,0.0,82.0
6,8,3,18.98,0.0,84.5
6,8,4,18.89,0.0,83.8
6,8,5,18.64,0.0,84.3
6,8,6,18.09,0.0,87.2
6,8,7,18.84,31.0,86.1
6,8,8,20.52,144.2,78.2
6,8,9,22.43,296.5,68.3
6,8,10,24.13,467.5,60.7
6,8,11,25.54,598.6,55.4
6,8,12,26.78,709.8,50.6
6,8,13,27.82,785.1,46.3
6,8,14,28.28,766.3,44.8
6,8,15,28.6,703.2,43.2
6,8,16,27.95,581.8,45.6
6,8,17,27.58,477.6,47.4
6,8,18,27.3,371.0,47.7
6,8,19,26.62,265.2,50.8
6,8,20,25.29,128.9,56.7
6,8,21,23.26,31.3,63.8
6,8,22,22.1,0.0,67.3
6,8,23,21.09,0.0,71.9
6,9,0,20.77,0.0,72.6
6,9,1,19.89,0.0,76.8
6,9,2,19.19,0.0,80.5
6,9,3,19.43,0.0,81.9
6,9,4,18.71,0.0,84.0
6,9,5,18.8,0.0,82.4
6,9,6,18.2,0.0,84.8
6,9,7,18.67,34.6,83.5
6,9,8,20.39,156.7,77.5
6,9,9,22.73,325.6,65.5
6,9,10,24.47,499.4,57.7
6,9,11,25.87,630.6,52.1
6,9,12,27.25,761.7,47.7
6,9,13,28.36,812.4,44.3
6,9,14,29.0,829.7,42.7
6,9,15,28.92,755.7,42.3
6,9,16,28.79,681.7,44.4
6,9,17,28.71,560.5,43.9
6,9,18,28.0,432.0,45.5
6,9,19,27.15,284.5,48.1
6,9,20,25.74,141.9,55.0
6,9,21,23.46,30.1,63.5
6,9,22,22.76,0.0,65.8
6,9,23,21.62,0.0,71.7
6,10,0,20.97,0.0,74.5
6,10,1,20.81,0.0,74.3
6,10,2,19.92,0.0,77.6
6,10,3,19.4,0.0,80.4
6,10,4,18.59,0.0,83.8
6,10,5,18.06,0.0,85.8
6,10,6,18.23,0.0,84.4
6,10,7,18.65,34.7,83.4
6,10,8,20.51,159.7,75.2
6,10,9,22.64,326.9,65.0
6,10,10,24.46,503.3,57.4
6,10,11,25.88,638.9,51.7
6,10,12,26.96,706.5,48.9
6,10,13,27.89,770.0,46.0
6,10,14,28.43,782.1,44.2
6,10,15,28.18,725.1,45.1
6,10,16,27.4,595.9,50.3
6,10,17,27.51,500.5,48.3
6,10,18,27.2,415.5,48.1
6,10,19,26.36,260.8,50.5
6,10,20,24.95,126.6,58.1
6,10,21,23.43,27.0,63.2
6,10,22,22.67,0.0,66.7
6,10,23,21.67,0.0,71.5
6,11,0,20.79,0.0,76.1
6,11,1,20.18,0.0,78.9
6,11,2,19.68,0.0,81.3
6,11,3,19.16,0.0,83.8
6,11,4,18.78,0.0,84.9
6,11,5,18.36,0.0,87.3
6,11,6,18.26,0.0,87.1
6,11,7,18.53,28.5,87.0
6,11,8,20.25,132.3,79.6
6,11,9,21.95,271.9,71.1
6,11,10,23.65,452.3,63.2
6,11,11,25.3,619.5,56.0
6,11,12,26.64,740.5,50.4
6,11,13,27.74,787.2,46.7
6,11,14,28.15,779.7,46.1
6,11,15,27.92,687.3,45.8
6,11,16,28.18,664.2,45.8
6,11,17,28.08,528.1,46.1
6,11,18,27.13,410.5,50.2
6,11,19,26.52,276.5,52.0
6,11,20,25.41,133.6,55.9
6,11,21,23.55,30.2,63.4
6,11,22,22.39,0.0,68.4
6,11,23,21.94,0.0,69.0
6,12,0,21.25,0.0,72.2
6,12,1,20.54,0.0,74.5
6,12,2,19.98,0.0,76.0
6,12,3,19.96,0.0,74.9
6,12,4,19.24,0.0,78.2
6,12,5,19.22,0.0,77.4
6,12,6,18.98,0.0,78.0
6,12,7,19.15,34.1,79.3
6,12,8,20.97,158.2,72.9
6,12,9,23.2,326.8,61.1
6,12,10,24.96,489.9,53.8
6,12,11,26.57,640.6,48.4
6,12,12,27.89,758.2,44.3
6,12,13,28.85,814.8,41.4
6,12,14,29.37,834.2,40.2
6,12,15,29.28,805.2,40.2
6,12,16,29.6,685.9,39.1
6,12,17,29.31,565.9,40.2
6,12,18,28.64,421.7,42.2
6,12,19,27.86,295.6,45.4
6,12,20,26.48,144.7,55.8
6,12,21,24.3,32.7,61.2
6,12,22,23.11,0.0,65.7
6,12,23,22.41,0.0,67.4
6,13,0,21.55,0.0,71.0
6,13,1,20.99,0.0,74.4
6,13,2,20.58,0.0,75.4
6,13,3,20.11,0.0,80.1
6,13,4,19.38,0.0,84.1
6,13,5,18.96,0.0,84.8
6,13,6,19.38,0.0,81.3
6,13,7,19.5,32.7,81.5
6,13,8,21.15,155.9,75.0
6,13,9,23.22,311.3,64.0
6,13,10,25.09,483.0,55.9
6,13,11,26.89,635.0,49.9
6,13,12,28.39,760.3,45.8
6,13,13,29.4,799.8,42.8
6,13,14,29.99,778.6,41.8
6,13,15,30.31,772.5,40.1
6,13,16,30.14,669.5,41.1
6,13,17,29.06,561.8,46.1
6,13,18,28.8,379.8,46.1
6,13,19,28.22,273.5,49.0
6,13,20,26.69,132.6,59.1
6,13,21,25.09,31.9,60.4
6,13,22,24.14,0.0,62.3
6,13,23,23.26,0.0,66.5
6,14,0,22.17,0.0,70.6
6,14,1,21.06,0.0,74.3
6,14,2,20.52,0.0,76.1
6,14,3,19.97,0.0,75.9
6,14,4,19.28,0.0,79.3
6,14,5,19.1,0.0,78.5
6,14,6,18.6,0.0,80.0
6,14,7,19.3,36.3,80.0
6,14,8,21.22,166.6,73.5
6,14,9,23.44,329.5,62.1
6,14,10,25.23,513.9,55.0
6,14,11,26.96,655.4,49.6
6,14,12,28.45,781.2,44.2
6,14,13,29.35,812.6,41.8
6,14,14,29.44,799.8,42.8
6,14,15,30.06,722.5,38.6
6,14,16,29.96,703.3,39.6
6,14,17,30.01,594.7,38.4
6,14,18,29.33,429.7,40.6
6,14,19,28.35,275.1,44.5
6,14,20,26.83,140.7,51.4
6,14,21,25.23,33.6,53.7
6,14,22,23.86,0.0,59.2
6,14,23,22.63,0.0,65.1
6,15,0,21.95,0.0,67.4
6,15,1,21.18,0.0,69.6
6,15,2,20.75,0.0,69.8
6,15,3,19.56,0.0,77.2
6,15,4,19.17,0.0,77.3
6,15,5,18.84,0.0,77.3
6,15,6,18.52,0.0,78.4
6,15,7,19.02,33.2,77.5
6,15,8,21.13,167.1,71.2
6,15,9,23.26,335.1,59.6
6,15,10,25.09,516.2,52.2
6,15,11,26.55,674.2,47.6
6,15,12,27.93,784.6,43.2
6,15,13,28.96,852.6,40.0
6,15,14,29.75,845.7,37.1
6,15,15,30.07,796.6,36.0
6,15,16,30.51,727.1,35.0
6,15,17,29.82,579.6,38.8
6,15,18,29.19,411.2,40.6
6,15,19,28.28,280.0,44.8
6,15,20,26.85,142.2,52.4
6,15,21,24.74,32.9,58.2
6,15,22,23.39,0.0,63.9
6,15,23,22.45,0.0,68.7
6,16,0,21.98,0.0,70.9
6,16,1,21.36,0.0,73.1
6,16,2,20.76,0.0,75.5
6,16,3,20.47,0.0,77.4
6,16,4,19.97,0.0,79.7
6,16,5,19.33,0.0,81.4
6,16,6,19.11,0.0,81.1
6,16,7,19.57,34.0,80.7
6,16,8,21.49,160.7,73.4
6,16,9,23.53,313.9,64.7
6,16,10,25.19,467.7,57.6
6,16,11,26.59,618.9,52.5
6,16,12,27.81,733.7,48.9
6,16,13,28.79,781.4,45.9
6,16,14,29.47,787.1,43.7
6,16,15,29.2,755.8,44.8
6,16,16,29.37,659.1,43.3
6,16,17,29.13,537.4,44.4
6,16,18,28.6,396.7,45.9
6,16,19,28.01,278.8,48.0
6,16,20,26.95,143.2,55.0
6,16,21,25.15,34.1,58.9
6,16,22,23.87,0.0,62.5
6,16,23,23.4,0.0,63.4
6,17,0,22.41,0.0,68.1
6,17,1,21.96,0.0,70.5
6,17,2,20.96,0.0,75.2
6,17,3,20.43,0.0,78.1
6,17,4,19.8,0.0,83.5
6,17,5,19.86,0.0,82.5
6,17,6,19.6,0.0,83.1
6,17,7,20.27,32.2,80.5
6,17,8,21.74,153.3,75.8
6,17,9,23.76,312.1,64.1
6,17,10,25.36,465.8,57.7
6,17,11,26.82,614.8,52.4
6,17,12,28.01,713.4,48.5
6,17,13,28.91,811.0,46.4
6,17,14,29.43,840.0,45.6
6,17,15,28.35,783.0,50.1
6,17,16,28.98,638.5,46.3
6,17,17,28.34,534.5,49.0
6,17,18,27.92,415.0,50.0
6,17,19,27.35,283.9,51.7
6,17,20,26.45,143.4,56.8
6,17,21,24.91,33.8,62.2
6,17,22,23.72,0.0,64.8
6,17,23,22.61,0.0,68.2
6,18,0,22.16,0.0,70.5
6,18,1,21.34,0.0,75.3
6,18,2,20.92,0.0,76.7
6,18,3,20.44,0.0,78.0
6,18,4,19.84,0.0,79.2
6,18,5,19.34,0.0,81.2
6,18,6,19.26,0.0,80.9
6,18,7,19.58,29.6,80.7
6,18,8,21.16,131.8,75.0
6,18,9,23.38,297.0,63.6
6,18,10,25.22,468.7,54.7
6,18,11,26.73,614.5,49.0
6,18,12,27.98,743.7,45.7
6,18,13,28.92,801.7,43.0
6,18,14,29.44,807.1,41.9
6,18,15,28.56,782.4,45.4
6,18,16,28.85,611.9,44.8
6,18,17,28.99,573.7,43.1
6,18,18,28.68,444.2,43.8
6,18,19,27.77,296.0,47.0
6,18,20,26.54,145.0,54.7
6,18,21,25.03,35.8,58.5
6,18,22,23.61,0.0,63.1
6,18,23,22.72,0.0,65.8
6,19,0,21.98,0.0,68.9
6,19,1,21.42,0.0,70.4
6,19,2,20.64,0.0,73.3
6,19,3,20.32,0.0,73.5
6,19,4,20.12,0.0,73.9
6,19,5,19.68,0.0,74.8
6,19,6,19.4,0.0,76.4
6,19,7,19.88,32.8,76.3
6,19,8,21.41,154.6,72.1
6,19,9,23.47,314.7,62.0
6,19,10,25.36,485.7,54.7
6,19,11,27.01,654.6,48.3
6,19,12,28.23,742.4,44.4
6,19,13,29.13,778.0,41.4
6,19,14,29.79,786.2,38.9
6,19,15,29.84,734.2,39.2
6,19,16,29.83,625.8,38.9
6,19,17,29.61,546.3,40.5
6,19,18,29.49,441.7,40.0
6,19,19,28.9,302.3,42.8
6,19,20,27.37,162.5,50.5
6,19,21,24.98,38.2,56.4
6,19,22,24.4,0.0,56.2
6,19,23,23.49,0.0,59.9
6,20,0,23.27,0.0,60.5
6,20,1,22.34,0.0,64.1
6,20,2,21.32,0.0,68.8
6,20,3,20.67,0.0,73.5
6,20,4,20.15,0.0,75.2
6,20,5,19.9,0.0,75.9
6,20,6,19.56,0.0,77.6
6,20,7,20.09,35.6,78.2
6,20,8,21.88,167.8,71.8
6,20,9,24.13,339.3,60.2
6,20,10,25.91,517.5,53.2
6,20,11,27.45,668.6,48.6
6,20,12,28.73,790.8,45.1
6,20,13,29.78,844.8,41.5
6,20,14,30.04,802.0,40.6
6,20,15,30.75,768.3,37.2
6,20,16,30.77,679.2,38.0
6,20,17,30.85,573.3,37.8
6,20,18,30.49,456.8,39.9
6,20,19,29.51,292.1,45.3
6,20,20,28.08,157.5,52.9
6,20,21,25.77,38.0,58.6
6,20,22,24.02,0.0,65.1
6,20,23,23.17,0.0,69.4
6,21,0,23.06,0.0,68.4
6,21,1,21.9,0.0,74.6
6,21,2,21.39,0.0,76.9
6,21,3,21.15,0.0,75.8
6,21,4,20.71,0.0,77.0
6,21,5,20.25,0.0,78.3
6,21,6,19.95,0.0,79.1
6,21,7,20.36,34.0,80.0
6,21,8,22.13,152.4,74.4
6,21,9,24.3,307.2,63.6
6,21,10,26.12,474.3,56.3
6,21,11,27.7,619.8,50.9
6,21,12,29.11,737.8,46.5
6,21,13,30.08,806.0,43.6
6,21,14,30.67,827.2,42.0
6,21,15,31.17,787.6,39.2
6,21,16,31.54,724.4,38.0
6,21,17,31.45,595.5,38.3
6,21,18,31.2,461.3,39.4
6,21,19,30.44,325.1,42.4
6,21,20,28.78,164.0,51.9
6,21,21,26.74,40.4,56.0
6,21,22,25.5,0.0,58.0
6,21,23,24.14,0.0,62.3
6,22,0,22.92,0.0,67.0
6,22,1,21.73,0.0,72.9
6,22,2,21.67,0.0,71.7
6,22,3,21.1,0.0,76.0
6,22,4,20.37,0.0,78.4
6,22,5,19.76,0.0,81.4
6,22,6,19.7,0.0,81.8
6,22,7,20.22,34.6,81.6
6,22,8,22.38,162.7,72.4
6,22,9,24.78,338.0,60.9
6,22,10,26.71,514.5,52.9
6,22,11,28.48,675.2,46.8
6,22,12,30.04,804.4,42.0
6,22,13,31.21,870.1,38.8
6,22,14,32.01,869.9,37.0
6,22,15,32.43,802.2,36.1
6,22,16,32.73,716.7,35.2
6,22,17,32.71,612.2,35.0
6,22,18,32.03,466.4,37.2
6,22,19,31.03,304.8,41.8
6,22,20,29.38,159.9,50.3
6,22,21,27.19,38.9,57.1
6,22,22,25.86,0.0,61.3
6,22,23,24.67,0.0,66.4
6,23,0,23.92,0.0,69.5
6,23,1,23.57,0.0,70.8
6,23,2,22.54,0.0,75.4
6,23,3,22.27,0.0,75.8
6,23,4,21.43,0.0,78.8
6,23,5,21.29,0.0,78.6
6,23,6,20.2,0.0,83.2
6,23,7,20.91,34.0,81.4
6,23,8,22.85,159.3,74.2
6,23,9,25.12,333.0,63.5
6,23,10,26.99,500.8,55.1
6,23,11,28.74,672.8,48.3
6,23,12,30.14,793.4,43.6
6,23,13,31.21,847.9,40.7
6,23,14,31.99,852.0,38.6
6,23,15,32.04,762.0,38.0
6,23,16,32.09,647.0,37.5
6,23,17,31.93,545.0,38.3
6,23,18,31.25,431.6,41.2
6,23,19,30.15,296.5,45.8
6,23,20,28.7,150.2,51.9
6,23,21,26.87,37.3,57.3
6,23,22,25.5,0.0,61.0
6,23,23,24.24,0.0,67.2
6,24,0,23.7,0.0,69.9
6,24,1,22.93,0.0,72.7
6,24,2,22.48,0.0,75.2
6,24,3,22.02,0.0,77.0
6,24,4,21.56,0.0,76.5
6,24,5,20.8,0.0,80.1
6,24,6,20.33,0.0,82.4
6,24,7,20.93,32.5,80.7
6,24,8,22.83,160.1,72.6
6,24,9,25.1,327.3,60.8
6,24,10,26.79,487.9,53.6
6,24,11,28.45,633.0,47.6
6,24,12,29.72,766.8,44.2
6,24,13,30.82,815.5,42.1
6,24,14,31.38,827.9,41.1
6,24,15,30.64,770.9,44.4
6,24,16,31.3,627.5,42.4
6,24,17,31.53,544.9,41.8
6,24,18,30.93,435.1,43.7
6,24,19,30.02,273.4,47.8
6,24,20,28.79,147.4,54.1
6,24,21,26.97,37.3,58.3
6,24,22,25.83,0.0,62.8
6,24,23,24.72,0.0,66.9
6,25,0,23.65,0.0,72.1
6,25,1,23.14,0.0,75.4
6,25,2,22.24,0.0,79.6
6,25,3,21.9,0.0,81.0
6,25,4,21.44,0.0,82.2
6,25,5,20.76,0.0,84.8
6,25,6,20.6,0.0,85.0
6,25,7,20.87,29.6,84.0
6,25,8,22.53,141.5,75.2
6,25,9,24.57,306.3,64.7
6,25,10,26.38,473.7,57.7
6,25,11,28.04,622.3,52.1
6,25,12,29.52,761.8,47.3
6,25,13,30.68,839.8,43.1
6,25,14,31.61,857.6,38.8
6,25,15,31.8,789.8,37.3
6,25,16,31.99,692.4,37.7
6,25,17,32.0,588.6,37.3
6,25,18,31.42,445.3,38.5
6,25,19,30.68,319.0,39.4
6,25,20,29.22,159.9,46.6
6,25,21,27.09,39.2,50.6
6,25,22,25.41,0.0,56.5
6,25,23,24.63,0.0,59.6
6,26,0,24.16,0.0,60.7
6,26,1,23.25,0.0,64.8
6,26,2,22.72,0.0,66.4
6,26,3,22.61,0.0,68.8
6,26,4,22.04,0.0,72.5
6,26,5,21.24,0.0,75.0
6,26,6,20.56,0.0,78.2
6,26,7,21.13,31.1,78.0
6,26,8,22.97,151.7,71.1
6,26,9,25.04,307.1,60.7
6,26,10,26.65,475.0,53.7
6,26,11,28.06,623.6,50.0
6,26,12,29.33,740.8,45.3
6,26,13,30.22,791.2,42.6
6,26,14,30.76,781.8,42.3
6,26,15,30.71,745.6,40.6
6,26,16,30.93,623.1,40.4
6,26,17,30.67,531.6,41.2
6,26,18,30.01,383.9,44.1
6,26,19,29.31,287.7,46.9
6,26,20,27.75,149.1,52.8
6,26,21,26.18,36.6,57.8
6,26,22,24.8,0.0,61.7
6,26,23,24.01,0.0,64.9
6,27,0,23.04,0.0,69.6
6,27,1,22.47,0.0,71.5
6,27,2,21.96,0.0,74.0
6,27,3,21.71,0.0,76.7
6,27,4,21.15,0.0,80.0
6,27,5,20.64,0.0,82.3
6,27,6,20.39,0.0,82.7
6,27,7,20.96,30.3,81.0
6,27,8,22.72,150.3,73.9
6,27,9,24.58,317.0,63.9
6,27,10,26.18,470.8,57.2
6,27,11,27.61,616.1,52.0
6,27,12,28.84,720.3,47.9
6,27,13,29.82,786.5,45.1
6,27,14,30.61,807.9,42.4
6,27,15,30.96,757.9,39.8
6,27,16,30.99,667.2,39.6
6,27,17,30.93,565.6,39.4
6,27,18,30.45,436.7,41.9
6,27,19,29.8,297.2,44.4
6,27,20,28.65,153.4,48.9
6,27,21,26.51,36.2,55.8
6,27,22,24.94,0.0,61.1
6,27,23,24.13,0.0,65.5
6,28,0,23.3,0.0,69.9
6,28,1,22.5,0.0,74.8
6,28,2,22.04,0.0,77.8
6,28,3,21.47,0.0,82.3
6,28,4,20.8,0.0,84.8
6,28,5,20.9,0.0,83.6
6,28,6,20.65,0.0,84.1
6,28,7,20.91,29.4,83.1
6,28,8,22.62,147.2,76.2
6,28,9,24.85,313.3,64.7
6,28,10,26.56,478.9,56.2
6,28,11,28.06,631.4,50.2
6,28,12,29.45,751.2,45.1
6,28,13,30.64,823.2,42.2
6,28,14,31.47,840.6,39.9
6,28,15,31.99,785.5,37.4
6,28,16,31.91,700.9,36.9
6,28,17,31.59,595.7,37.9
6,28,18,31.0,439.7,39.3
6,28,19,30.06,298.2,43.2
6,28,20,28.66,159.5,49.7
6,28,21,26.71,38.7,54.8
6,28,22,25.58,0.0,57.1
6,28,23,24.65,0.0,61.6
6,29,0,23.8,0.0,66.9
6,29,1,23.27,0.0,68.8
6,29,2,22.51,0.0,71.5
6,29,3,22.24,0.0,72.7
6,29,4,21.25,0.0,74.4
6,29,5,20.75,0.0,74.2
6,29,6,20.16,0.0,76.2
6,29,7,20.55,32.5,76.6
6,29,8,22.52,160.6,68.7
6,29,9,24.49,328.4,59.1
6,29,10,26.29,510.9,53.1
6,29,11,27.98,673.3,48.3
6,29,12,29.41,772.9,44.5
6,29,13,30.54,839.9,41.1
6,29,14,31.04,839.3,40.2
6,29,15,31.41,815.6,38.7
6,29,16,31.19,696.3,39.8
6,29,17,31.36,616.6,39.2
6,29,18,31.09,483.1,39.8
6,29,19,30.08,330.4,43.6
6,29,20,28.67,168.7,49.9
6,29,21,26.89,42.0,56.2
6,29,22,25.14,0.0,63.4
6,29,23,24.41,0.0,66.1
6,30,0,23.77,0.0,68.7
6,30,1,22.58,0.0,74.3
6,30,2,22.16,0.0,75.0
6,30,3,22.01,0.0,76.0
6,30,4,21.35,0.0,79.4
6,30,5,21.39,0.0,78.6
6,30,6,20.88,0.0,80.4
6,30,7,21.39,31.6,78.4
6,30,8,23.05,158.4,72.4
6,30,9,25.16,330.3,61.5
6,30,10,26.98,505.3,54.0
6,30,11,28.61,650.0,48.4
6,30,12,30.24,775.7,43.2
6,30,13,31.57,829.4,38.9
6,30,14,32.37,824.4,36.1
6,30,15,32.73,785.3,35.6
6,30,16,32.85,705.0,36.2
6,30,17,32.55,614.6,37.7
6,30,18,31.96,475.1,39.2
6,30,19,30.83,322.3,43.1
6,30,20,29.27,165.9,48.4
6,30,21,27.19,42.2,53.1
6,30,22,25.6,0.0,59.7
6,30,23,24.75,0.0,63.9
7,1,0,23.88,0.0,68.9
7,1,1,23.02,0.0,73.8
7,1,2,22.33,0.0,78.3
7,1,3,22.53,0.0,76.8
7,1,4,21.58,0.0,81.1
7,1,5,21.49,0.0,80.8
7,1,6,21.25,0.0,81.8
7,1,7,21.46,30.1,81.7
7,1,8,23.21,152.0,73.9
7,1,9,25.38,312.4,63.9
7,1,10,27.15,467.3,56.2
7,1,11,28.84,627.8,50.6
7,1,12,30.27,725.5,46.9
7,1,13,31.6,818.0,43.0
7,1,14,32.67,843.3,39.8
7,1,15,33.46,820.0,36.5
7,1,16,33.49,729.1,37.1
7,1,17,33.16,620.2,37.7
7,1,18,32.51,494.3,39.0
7,1,19,31.25,319.0,42.8
7,1,20,29.64,164.6,49.6
7,1,21,27.82,40.4,54.2
7,1,22,26.2,0.0,60.7
7,1,23,25.05,0.0,63.8
7,2,0,24.04,0.0,67.4
7,2,1,23.45,0.0,69.2
7,2,2,22.97,0.0,72.4
7,2,3,22.48,0.0,74.3
7,2,4,21.16,0.0,80.1
7,2,5,20.86,0.0,81.0
7,2,6,20.58,0.0,81.9
7,2,7,21.22,29.8,80.8
7,2,8,23.42,158.5,71.8
7,2,9,25.92,332.5,61.6
7,2,10,27.98,511.2,53.0
7,2,11,29.78,668.0,46.8
7,2,12,31.34,793.1,41.9
7,2,13,32.45,852.3,38.8
7,2,14,33.21,855.8,36.6
7,2,15,33.67,798.9,34.8
7,2,16,33.82,725.3,35.4
7,2,17,33.52,587.4,36.2
7,2,18,32.61,434.9,38.9
7,2,19,31.67,292.1,41.3
7,2,20,30.06,154.4,47.2
7,2,21,27.71,37.3,54.1
7,2,22,26.47,0.0,58.7
7,2,23,25.65,0.0,62.7
7,3,0,24.63,0.0,67.9
7,3,1,23.79,0.0,72.3
7,3,2,22.97,0.0,76.3
7,3,3,23.07,0.0,75.0
7,3,4,21.94,0.0,80.6
7,3,5,21.35,0.0,82.3
7,3,6,21.3,0.0,81.6
7,3,7,21.68,29.3,80.3
7,3,8,23.48,156.0,73.0
7,3,9,25.71,329.9,61.2
7,3,10,27.35,507.6,52.3
7,3,11,28.83,659.2,47.0
7,3,12,30.0,765.1,43.8
7,3,13,31.03,836.3,41.0
7,3,14,31.67,838.9,39.0
7,3,15,32.32,840.7,36.6
7,3,16,32.47,773.4,36.7
7,3,17,32.26,642.1,36.9
7,3,18,31.62,483.5,37.8
7,3,19,30.95,324.1,39.4
7,3,20,29.35,165.3,45.4
7,3,21,27.18,40.2,52.2
7,3,22,26.03,0.0,55.8
7,3,23,25.12,0.0,59.3
7,4,0,23.76,0.0,66.0
7,4,1,23.18,0.0,68.4
7,4,2,22.75,0.0,71.0
7,4,3,22.5,0.0,69.9
7,4,4,22.08,0.0,70.2
7,4,5,21.49,0.0,72.5
7,4,6,21.46,0.0,71.6
7,4,7,21.6,28.2,72.1
7,4,8,23.6,153.0,64.9
7,4,9,25.65,322.4,55.0
7,4,10,27.38,494.7,49.0
7,4,11,28.97,661.6,44.3
7,4,12,30.39,771.7,40.4
7,4,13,31.64,860.3,37.0
7,4,14,32.43,874.7,34.6
7,4,15,32.81,810.9,33.1
7,4,16,32.93,690.2,32.8
7,4,17,32.93,620.8,33.3
7,4,18,32.15,461.3,35.5
7,4,19,31.33,312.3,38.2
7,4,20,29.87,160.0,44.2
7,4,21,27.95,38.4,50.2
7,4,22,26.94,0.0,53.8
7,4,23,25.49,0.0,59.7
7,5,0,24.69,0.0,63.2
7,5,1,23.88,0.0,68.2
7,5,2,23.14,0.0,72.0
7,5,3,22.87,0.0,70.5
7,5,4,22.4,0.0,70.7
7,5,5,21.88,0.0,72.6
7,5,6,21.7,0.0,73.4
7,5,7,21.93,27.0,74.1
7,5,8,23.4,139.7,68.9
7,5,9,25.4,295.5,58.4
7,5,10,27.14,462.4,51.1
7,5,11,28.73,620.8,45.3
7,5,12,30.06,744.1,41.7
7,5,13,31.09,819.2,39.2
7,5,14,31.73,844.1,38.1
7,5,15,32.04,761.5,37.0
7,5,16,32.39,707.3,36.3
7,5,17,32.17,595.0,37.0
7,5,18,31.41,449.4,39.2
7,5,19,30.52,294.6,42.1
7,5,20,29.22,161.2,47.0
7,5,21,27.45,39.5,51.9
7,5,22,26.47,0.0,55.0
7,5,23,25.18,0.0,60.3
7,6,0,24.57,0.0,64.0
7,6,1,23.33,0.0,71.6
7,6,2,22.75,0.0,75.7
7,6,3,22.38,0.0,77.4
7,6,4,21.77,0.0,81.5
7,6,5,21.37,0.0,82.0
7,6,6,21.0,0.0,82.3
7,6,7,21.48,25.6,81.6
7,6,8,23.1,141.3,74.9
7,6,9,25.2,305.8,64.1
7,6,10,26.99,475.4,57.0
7,6,11,28.67,638.4,50.6
7,6,12,30.05,745.0,45.9
7,6,13,31.12,820.9,43.1
7,6,14,31.96,841.6,40.9
7,6,15,32.64,819.1,37.1
7,6,16,33.02,740.9,36.1
7,6,17,32.98,627.3,35.9
7,6,18,32.51,477.2,36.4
7,6,19,31.76,311.1,38.4
7,6,20,30.46,157.0,45.3
7,6,21,28.16,37.1,49.3
7,6,22,26.99,0.0,52.3
7,6,23,25.84,0.0,58.3
7,7,0,24.79,0.0,64.2
7,7,1,23.83,0.0,69.2
7,7,2,23.19,0.0,73.8
7,7,3,23.04,0.0,74.5
7,7,4,22.23,0.0,77.3
7,7,5,21.63,0.0,79.2
7,7,6,21.49,0.0,80.0
7,7,7,21.57,26.9,82.2
7,7,8,23.56,151.1,73.6
7,7,9,26.05,318.8,60.1
7,7,10,28.04,494.1,50.8
7,7,11,29.81,654.9,44.6
7,7,12,31.33,790.3,40.2
7,7,13,32.31,853.6,37.3
7,7,14,32.83,863.2,36.1
7,7,15,33.21,841.3,33.9
7,7,16,33.77,765.3,31.8
7,7,17,33.73,663.1,32.2
7,7,18,33.56,519.5,31.3
7,7,19,32.88,345.7,31.8
7,7,20,31.16,178.4,40.3
7,7,21,29.04,41.9,42.6
7,7,22,26.88,0.0,50.4
7,7,23,26.12,0.0,52.8
7,8,0,24.86,0.0,58.3
7,8,1,24.2,0.0,60.1
7,8,2,23.06,0.0,65.8
7,8,3,22.56,0.0,67.6
7,8,4,21.87,0.0,70.3
7,8,5,21.39,0.0,71.6
7,8,6,20.96,0.0,73.5
7,8,7,21.35,26.7,73.7
7,8,8,23.29,154.4,64.3
7,8,9,25.76,327.0,51.1
7,8,10,27.6,509.2,45.2
7,8,11,29.14,672.5,41.4
7,8,12,30.5,803.5,38.1
7,8,13,31.64,886.7,35.6
7,8,14,32.06,872.7,35.7
7,8,15,32.39,834.4,35.7
7,8,16,32.31,734.1,36.3
7,8,17,31.91,590.5,38.5
7,8,18,31.39,447.4,39.6
7,8,19,30.69,306.9,41.8
7,8,20,29.13,166.1,47.0
7,8,21,26.83,39.6,54.3
7,8,22,25.55,0.0,57.3
7,8,23,24.82,0.0,60.4
7,9,0,24.06,0.0,64.1
7,9,1,23.16,0.0,69.3
7,9,2,22.34,0.0,74.0
7,9,3,22.31,0.0,75.0
7,9,4,21.73,0.0,77.0
7,9,5,21.3,0.0,78.5
7,9,6,21.2,0.0,78.8
7,9,7,21.37,23.1,79.7
7,9,8,22.89,135.2,73.4
7,9,9,24.98,284.5,61.5
7,9,10,26.75,451.2,54.1
7,9,11,28.26,600.0,48.8
7,9,12,29.58,710.6,44.8
7,9,13,30.63,768.2,41.6
7,9,14,31.49,813.1,39.5
7,9,15,32.0,790.3,38.1
7,9,16,32.03,683.9,38.7
7,9,17,31.48,549.1,40.1
7,9,18,30.48,409.7,43.7
7,9,19,29.83,277.8,44.8
7,9,20,28.66,146.7,49.4
7,9,21,26.73,35.1,54.0
7,9,22,25.87,0.0,57.6
7,9,23,25.01,0.0,61.2
7,10,0,24.27,0.0,64.6
7,10,1,23.4,0.0,69.3
7,10,2,22.48,0.0,74.3
7,10,3,22.48,0.0,74.2
7,10,4,21.47,0.0,78.8
7,10,5,21.04,0.0,78.8
7,10,6,20.72,0.0,79.1
7,10,7,21.37,24.6,76.6
7,10,8,23.26,150.0,69.0
7,10,9,25.68,325.8,56.7
7,10,10,27.6,499.7,48.7
7,10,11,29.36,665.5,42.5
7,10,12,30.76,790.1,38.4
7,10,13,31.45,855.8,37.2
7,10,14,32.12,862.6,35.5
7,10,15,32.02,808.3,36.2
7,10,16,32.31,714.5,35.4
7,10,17,32.09,616.3,36.2
7,10,18,31.65,465.8,37.9
7,10,19,31.14,324.6,39.6
7,10,20,29.63,158.6,45.7
7,10,21,27.33,35.5,51.2
7,10,22,26.1,0.0,54.6
7,10,23,24.85,0.0,60.3
7,11,0,23.92,0.0,63.8
7,11,1,23.37,0.0,66.7
7,11,2,22.89,0.0,69.1
7,11,3,22.58,0.0,69.1
7,11,4,22.13,0.0,70.8
7,11,5,21.71,0.0,71.8
7,11,6,20.83,0.0,75.0
7,11,7,20.79,23.7,77.6
7,11,8,22.8,147.8,67.7
7,11,9,24.88,322.9,57.2
7,11,10,26.6,501.6,49.5
7,11,11,28.26,669.3,43.7
7,11,12,29.65,804.1,39.9
7,11,13,30.73,884.3,36.8
7,11,14,31.44,909.4,34.9
7,11,15,31.74,864.1,34.0
7,11,16,32.0,780.0,33.0
7,11,17,31.9,667.9,32.6
7,11,18,31.43,512.6,33.7
7,11,19,30.67,344.0,36.2
7,11,20,29.14,172.2,44.2
7,11,21,27.03,39.6,48.4
7,11,22,25.73,0.0,52.6
7,11,23,24.59,0.0,57.6
7,12,0,23.73,0.0,62.0
7,12,1,22.95,0.0,66.8
7,12,2,22.82,0.0,67.3
7,12,3,22.5,0.0,68.4
7,12,4,21.25,0.0,74.4
7,12,5,20.55,0.0,77.7
7,12,6,21.08,0.0,73.6
7,12,7,21.15,23.8,76.5
7,12,8,22.59,147.9,71.4
7,12,9,25.04,324.0,58.2
7,12,10,27.07,511.8,49.5
7,12,11,28.95,677.4,43.0
7,12,12,30.53,810.4,38.5
7,12,13,31.85,893.6,35.4
7,12,14,32.79,897.6,32.9
7,12,15,33.37,855.9,31.7
7,12,16,33.63,765.9,31.2
7,12,17,33.58,654.3,31.3
7,12,18,33.22,504.6,32.3
7,12,19,32.28,340.3,36.4
7,12,20,30.48,169.2,46.3
7,12,21,28.09,37.9,48.8
7,12,22,26.38,0.0,54.3
7,12,23,25.62,0.0,56.3
7,13,0,24.58,0.0,63.3
7,13,1,23.57,0.0,68.3
7,13,2,22.77,0.0,72.3
7,13,3,22.57,0.0,72.7
7,13,4,21.92,0.0,75.3
7,13,5,21.73,0.0,75.1
7,13,6,21.34,0.0,76.5
7,13,7,21.69,22.6,75.3
7,13,8,23.25,145.1,69.7
7,13,9,25.65,319.8,57.0
7,13,10,27.59,496.8,49.2
7,13,11,29.37,665.3,43.4
7,13,12,30.92,803.1,39.2
7,13,13,32.23,883.9,35.7
7,13,14,33.04,890.5,33.7
7,13,15,33.41,837.0,32.7
7,13,16,33.58,735.9,33.1
7,13,17,33.3,613.2,33.8
7,13,18,32.77,482.3,35.2
7,13,19,31.85,324.3,38.0
7,13,20,30.12,163.8,43.9
7,13,21,27.79,36.5,48.9
7,13,22,26.17,0.0,55.0
7,13,23,25.19,0.0,59.4
7,14,0,24.29,0.0,63.7
7,14,1,23.9,0.0,66.0
7,14,2,23.19,0.0,68.5
7,14,3,22.57,0.0,71.6
7,14,4,22.26,0.0,72.3
7,14,5,21.86,0.0,74.6
7,14,6,22.02,0.0,73.8
7,14,7,22.09,19.4,74.5
7,14,8,23.29,129.3,71.2
7,14,9,25.19,289.6,60.4
7,14,10,26.99,460.7,53.4
7,14,11,28.67,606.4,47.6
7,14,12,30.19,723.5,43.4
7,14,13,31.44,807.4,39.5
7,14,14,32.32,838.1,37.2
7,14,15,32.63,835.3,37.3
7,14,16,32.96,735.3,36.2
7,14,17,32.96,629.6,35.2
7,14,18,32.53,475.7,35.0
7,14,19,31.55,326.7,38.3
7,14,20,29.74,165.2,46.2
7,14,21,27.3,36.1,53.1
7,14,22,26.48,0.0,54.6
7,14,23,25.25,0.0,58.8
7,15,0,24.74,0.0,60.1
7,15,1,24.05,0.0,64.6
7,15,2,23.49,0.0,67.1
7,15,3,23.1,0.0,70.8
7,15,4,22.5,0.0,72.7
7,15,5,22.32,0.0,72.6
7,15,6,22.05,0.0,73.6
7,15,7,21.75,19.7,77.2
7,15,8,23.54,135.5,70.8
7,15,9,25.79,303.6,58.8
7,15,10,27.56,479.4,51.2
7,15,11,29.14,634.8,46.3
7,15,12,30.47,750.4,42.7
7,15,13,31.62,834.6,39.8
7,15,14,32.34,864.5,37.7
7,15,15,32.61,829.8,36.7
7,15,16,32.84,728.1,35.5
7,15,17,32.69,629.7,35.1
7,15,18,32.15,489.4,36.7
7,15,19,31.29,324.8,39.3
7,15,20,29.4,158.4,47.3
7,15,21,27.37,34.1,52.3
7,15,22,26.41,0.0,55.1
7,15,23,25.36,0.0,59.4
7,16,0,24.72,0.0,63.5
7,16,1,23.9,0.0,70.0
7,16,2,23.34,0.0,73.3
7,16,3,23.03,0.0,74.8
7,16,4,22.55,0.0,75.2
7,16,5,22.32,0.0,75.6
7,16,6,21.85,0.0,77.8
7,16,7,21.64,17.1,81.1
7,16,8,23.09,117.7,74.1
7,16,9,25.17,259.5,63.4
7,16,10,26.77,412.8,57.1
7,16,11,28.16,552.3,51.7
7,16,12,29.48,662.2,47.2
7,16,13,30.54,733.0,43.8
7,16,14,31.17,757.1,41.5
7,16,15,31.76,754.1,38.7
7,16,16,31.83,639.7,39.5
7,16,17,31.45,540.0,41.5
7,16,18,30.72,408.8,43.4
7,16,19,29.8,272.2,46.0
7,16,20,28.37,138.3,53.1
7,16,21,26.64,29.4,55.8
7,16,22,25.7,0.0,58.9
7,16,23,24.96,0.0,61.2
7,17,0,23.95,0.0,64.8
7,17,1,23.6,0.0,66.4
7,17,2,22.98,0.0,69.3
7,17,3,22.35,0.0,74.0
7,17,4,22.3,0.0,73.7
7,17,5,21.93,0.0,75.1
7,17,6,21.92,0.0,74.3
7,17,7,21.97,16.6,75.3
7,17,8,23.19,112.3,70.6
7,17,9,25.08,259.4,62.8
7,17,10,26.67,427.2,55.3
7,17,11,28.24,591.7,49.4
7,17,12,29.64,704.3,45.5
7,17,13,30.93,779.7,41.4
7,17,14,31.78,784.1,38.7
7,17,15,32.07,737.8,37.8
7,17,16,32.36,692.4,37.5
7,17,17,32.08,580.5,38.2
7,17,18,31.67,436.3,39.3
7,17,19,30.73,296.4,42.2
7,17,20,28.75,146.9,52.2
7,17,21,26.8,31.8,54.4
7,17,22,25.8,0.0,56.1
7,17,23,25.28,0.0,56.4
7,18,0,24.17,0.0,62.0
7,18,1,23.81,0.0,63.6
7,18,2,23.06,0.0,68.3
7,18,3,22.46,0.0,69.7
7,18,4,22.39,0.0,69.2
7,18,5,21.97,0.0,70.4
7,18,6,21.93,0.0,69.6
7,18,7,21.93,17.7,71.9
7,18,8,23.4,133.1,66.9
7,18,9,25.42,301.4,56.6
7,18,10,26.83,468.3,51.8
7,18,11,28.08,610.0,48.4
7,18,12,29.3,727.4,44.4
7,18,13,30.43,792.5,40.6
7,18,14,31.35,828.4,37.9
7,18,15,31.59,787.8,37.9
7,18,16,31.84,687.3,36.5
7,18,17,31.58,607.7,37.8
7,18,18,30.89,462.7,40.4
7,18,19,30.29,312.6,42.2
7,18,20,28.68,156.3,50.9
7,18,21,26.89,32.8,53.3
7,18,22,26.3,0.0,53.4
7,18,23,24.97,0.0,58.1
7,19,0,24.3,0.0,60.8
7,19,1,23.32,0.0,66.0
7,19,2,22.36,0.0,70.7
7,19,3,22.25,0.0,70.8
7,19,4,21.35,0.0,74.2
7,19,5,21.18,0.0,75.0
7,19,6,20.96,0.0,75.5
7,19,7,21.13,16.8,77.0
7,19,8,22.77,129.5,70.3
7,19,9,25.11,289.6,59.0
7,19,10,26.92,464.0,51.7
7,19,11,28.51,636.7,47.2
7,19,12,29.87,763.1,43.3
7,19,13,31.06,822.0,39.5
7,19,14,31.99,843.3,36.1
7,19,15,32.35,816.2,35.3
7,19,16,32.45,704.0,34.9
7,19,17,32.48,607.8,34.5
7,19,18,32.14,461.3,35.7
7,19,19,31.42,320.2,38.7
7,19,20,29.97,154.6,46.9
7,19,21,27.42,31.7,53.2
7,19,22,26.3,0.0,55.7
7,19,23,25.34,0.0,58.2
7,20,0,24.65,0.0,60.4
7,20,1,23.77,0.0,65.0
7,20,2,23.58,0.0,65.1
7,20,3,23.03,0.0,70.3
7,20,4,22.2,0.0,73.1
7,20,5,21.89,0.0,73.4
7,20,6,21.23,0.0,76.1
7,20,7,21.54,16.4,77.0
7,20,8,23.19,130.2,69.7
7,20,9,25.33,299.6,59.1
7,20,10,27.33,490.3,51.3
7,20,11,28.95,655.2,45.8
7,20,12,30.4,777.2,41.9
7,20,13,31.54,858.0,38.9
7,20,14,32.3,861.1,36.7
7,20,15,32.71,841.1,35.4
7,20,16,32.91,729.6,34.7
7,20,17,32.75,607.1,34.8
7,20,18,32.4,476.7,35.8
7,20,19,31.55,318.0,38.6
7,20,20,30.03,159.5,46.2
7,20,21,28.55,31.3,47.4
7,20,22,26.84,0.0,53.1
7,20,23,25.73,0.0,58.0
7,21,0,24.54,0.0,63.9
7,21,1,23.75,0.0,68.5
7,21,2,23.61,0.0,67.5
7,21,3,23.44,0.0,68.8
7,21,4,22.17,0.0,73.9
7,21,5,21.85,0.0,74.1
7,21,6,21.74,0.0,73.6
7,21,7,21.7,16.5,75.6
7,21,8,23.43,135.6,69.4
7,21,9,26.2,313.0,54.6
7,21,10,28.21,498.1,47.2
7,21,11,30.02,666.5,41.8
7,21,12,31.57,799.5,37.2
7,21,13,32.8,866.5,34.4
7,21,14,33.68,892.5,32.4
7,21,15,34.23,839.4,30.8
7,21,16,34.43,755.0,30.5
7,21,17,34.31,654.1,30.8
7,21,18,33.82,512.5,32.2
7,21,19,32.95,340.5,34.9
7,21,20,31.15,168.1,42.9
7,21,21,29.21,32.0,44.2
7,21,22,27.22,0.0,52.2
7,21,23,25.84,0.0,58.7
7,22,0,25.03,0.0,62.8
7,22,1,24.67,0.0,64.9
7,22,2,23.51,0.0,69.7
7,22,3,23.27,0.0,72.3
7,22,4,23.48,0.0,70.2
7,22,5,22.63,0.0,73.7
7,22,6,22.64,0.0,73.1
7,22,7,22.55,15.6,74.2
7,22,8,24.03,130.7,68.6
7,22,9,26.47,303.6,56.9
7,22,10,28.47,484.6,49.4
7,22,11,30.16,647.9,44.3
7,22,12,31.68,781.1,40.8
7,22,13,32.98,860.0,37.9
7,22,14,33.9,871.1,35.7
7,22,15,34.43,847.8,33.7
7,22,16,34.74,771.2,33.5
7,22,17,34.72,656.4,32.6
7,22,18,34.32,501.7,33.4
7,22,19,33.45,335.2,36.9
7,22,20,31.57,162.8,48.1
7,22,21,28.97,30.8,50.3
7,22,22,27.49,0.0,57.3
7,22,23,26.51,0.0,62.6
7,23,0,25.6,0.0,66.5
7,23,1,25.1,0.0,68.1
7,23,2,24.55,0.0,71.3
7,23,3,24.27,0.0,73.1
7,23,4,23.41,0.0,76.0
7,23,5,22.97,0.0,76.9
7,23,6,22.69,0.0,77.6
7,23,7,22.76,13.9,78.4
7,23,8,24.1,118.9,73.3
7,23,9,26.35,286.8,60.7
7,23,10,28.52,471.7,51.2
7,23,11,30.28,634.1,44.9
7,23,12,31.82,756.8,40.6
7,23,13,33.14,844.6,37.2
7,23,14,33.8,854.6,35.4
7,23,15,33.87,786.5,35.4
7,23,16,34.52,742.1,32.2
7,23,17,33.75,602.3,34.0
7,23,18,33.05,440.3,36.0
7,23,19,32.16,300.1,38.6
7,23,20,30.61,150.1,43.6
7,23,21,28.68,28.6,47.4
7,23,22,27.2,0.0,53.0
7,23,23,26.06,0.0,58.2
7,24,0,25.21,0.0,60.5
7,24,1,24.51,0.0,64.1
7,24,2,24.42,0.0,64.8
7,24,3,24.04,0.0,66.7
7,24,4,23.57,0.0,68.8
7,24,5,22.86,0.0,71.8
7,24,6,22.59,0.0,72.6
7,24,7,22.56,13.6,74.4
7,24,8,24.12,123.0,68.5
7,24,9,26.58,288.8,57.3
7,24,10,28.52,468.1,49.4
7,24,11,30.16,631.0,44.4
7,24,12,31.63,753.7,40.1
7,24,13,32.89,823.8,37.2
7,24,14,33.49,862.0,36.2
7,24,15,33.27,793.2,37.8
7,24,16,33.65,724.5,35.7
7,24,17,33.11,598.1,37.3
7,24,18,32.59,443.3,38.0
7,24,19,31.45,281.6,41.1
7,24,20,29.85,138.5,48.3
7,24,21,28.32,25.9,51.0
7,24,22,26.93,0.0,56.3
7,24,23,25.66,0.0,63.5
7,25,0,24.97,0.0,66.6
7,25,1,24.37,0.0,69.8
7,25,2,23.98,0.0,72.1
7,25,3,23.36,0.0,75.3
7,25,4,22.56,0.0,79.4
7,25,5,22.18,0.0,82.0
7,25,6,22.1,0.0,82.0
7,25,7,22.17,12.7,82.9
7,25,8,23.73,117.9,76.5
7,25,9,25.86,287.5,65.6
7,25,10,27.65,462.4,57.7
7,25,11,29.36,625.8,51.1
7,25,12,30.75,747.1,46.0
7,25,13,31.93,817.8,41.4
7,25,14,32.78,831.4,37.5
7,25,15,32.94,797.5,37.2
7,25,16,33.28,726.7,35.9
7,25,17,32.75,595.7,38.7
7,25,18,32.07,439.0,40.6
7,25,19,31.33,286.4,42.2
7,25,20,29.95,145.2,46.3
7,25,21,28.21,25.5,51.2
7,25,22,27.03,0.0,54.5
7,25,23,25.89,0.0,60.0
7,26,0,25.15,0.0,64.1
7,26,1,24.14,0.0,69.2
7,26,2,23.43,0.0,72.1
7,26,3,22.83,0.0,76.3
7,26,4,22.55,0.0,76.2
7,26,5,22.24,0.0,76.9
7,26,6,21.78,0.0,78.7
7,26,7,21.72,11.7,81.0
7,26,8,23.39,116.3,72.6
7,26,9,25.59,281.9,61.7
7,26,10,27.49,450.5,53.6
7,26,11,29.24,615.2,47.7
7,26,12,30.82,754.3,42.9
7,26,13,32.14,820.3,39.0
7,26,14,33.13,822.0,35.5
7,26,15,33.35,797.7,35.5
7,26,16,33.86,708.9,33.9
7,26,17,33.4,573.9,34.6
7,26,18,32.69,441.9,36.5
7,26,19,31.78,289.6,39.3
7,26,20,30.43,136.2,42.0
7,26,21,28.62,23.5,47.4
7,26,22,27.38,0.0,52.5
7,26,23,26.51,0.0,55.3
7,27,0,25.55,0.0,60.3
7,27,1,24.84,0.0,63.6
7,27,2,23.85,0.0,68.2
7,27,3,23.45,0.0,68.8
7,27,4,22.61,0.0,73.2
7,27,5,22.06,0.0,75.6
7,27,6,21.78,0.0,76.8
7,27,7,21.95,11.4,76.3
7,27,8,23.52,116.4,70.4
7,27,9,25.83,277.2,58.4
7,27,10,27.57,449.1,50.6
7,27,11,29.17,603.5,44.7
7,27,12,30.63,735.6,40.5
7,27,13,31.82,812.0,37.2
7,27,14,32.58,822.2,34.6
7,27,15,33.42,800.5,31.6
7,27,16,33.8,733.2,30.6
7,27,17,33.59,611.9,30.9
7,27,18,33.03,457.5,31.8
7,27,19,32.01,288.4,34.6
7,27,20,30.38,140.9,42.4
7,27,21,28.32,23.1,45.8
7,27,22,26.95,0.0,50.0
7,27,23,25.84,0.0,55.4
7,28,0,25.26,0.0,59.2
7,28,1,24.38,0.0,64.4
7,28,2,23.49,0.0,69.1
7,28,3,23.33,0.0,70.0
7,28,4,22.69,0.0,72.1
7,28,5,21.87,0.0,74.9
7,28,6,21.94,0.0,74.0
7,28,7,21.67,10.6,76.4
7,28,8,23.26,116.3,70.5
7,28,9,25.71,290.3,58.5
7,28,10,27.74,471.4,50.6
7,28,11,29.67,639.1,43.6
7,28,12,31.19,751.5,38.7
7,28,13,32.53,840.0,34.7
7,28,14,33.53,861.7,31.9
7,28,15,34.21,832.9,30.4
7,28,16,34.23,739.4,30.9
7,28,17,33.95,618.9,31.7
7,28,18,33.51,473.2,33.7
7,28,19,32.63,305.1,35.7
7,28,20,30.93,146.3,40.4
7,28,21,28.9,23.6,45.1
7,28,22,27.68,0.0,50.1
7,28,23,26.66,0.0,54.0
7,29,0,25.62,0.0,57.2
7,29,1,25.17,0.0,59.6
7,29,2,24.42,0.0,63.2
7,29,3,23.59,0.0,69.2
7,29,4,22.8,0.0,70.7
7,29,5,22.37,0.0,73.2
7,29,6,22.15,0.0,74.9
7,29,7,22.57,10.2,73.9
7,29,8,24.06,115.6,68.2
7,29,9,26.68,286.0,54.0
7,29,10,28.8,464.3,46.1
7,29,11,30.72,632.0,40.2
7,29,12,32.33,764.4,36.2
7,29,13,33.68,849.7,32.6
7,29,14,34.75,871.6,30.2
7,29,15,35.18,814.3,29.2
7,29,16,35.51,743.0,28.8
7,29,17,35.19,593.0,29.7
7,29,18,34.59,452.0,31.3
7,29,19,33.49,302.4,34.0
7,29,20,31.81,140.2,38.9
7,29,21,29.73,21.8,43.8
7,29,22,28.82,0.0,45.9
7,29,23,27.49,0.0,51.1
7,30,0,26.66,0.0,55.1
7,30,1,25.67,0.0,61.1
7,30,2,24.88,0.0,66.0
7,30,3,24.31,0.0,70.2
7,30,4,23.31,0.0,73.9
7,30,5,23.07,0.0,74.1
7,30,6,22.81,0.0,73.7
7,30,7,22.8,9.8,75.2
7,30,8,24.58,114.9,66.3
7,30,9,27.16,287.0,54.8
7,30,10,29.3,470.4,46.4
7,30,11,31.17,636.4,39.8
7,30,12,32.76,768.4,35.8
7,30,13,34.07,852.3,32.7
7,30,14,35.01,872.3,30.6
7,30,15,35.32,814.3,29.7
7,30,16,35.58,734.7,29.2
7,30,17,35.39,612.8,29.2
7,30,18,34.35,440.8,32.5
7,30,19,33.47,294.2,34.1
7,30,20,31.75,137.0,41.4
7,30,21,29.88,20.8,43.8
7,30,22,28.22,0.0,49.0
7,30,23,27.06,0.0,53.6
7,31,0,26.09,0.0,58.3
7,31,1,25.62,0.0,62.7
7,31,2,24.91,0.0,67.1
7,31,3,24.57,0.0,69.0
7,31,4,23.96,0.0,71.3
7,31,5,23.69,0.0,71.2
7,31,6,23.07,0.0,73.9
7,31,7,22.89,8.6,77.7
7,31,8,24.58,107.3,69.7
7,31,9,27.17,273.2,55.6
7,31,10,29.34,455.4,46.9
7,31,11,31.0,611.3,42.5
7,31,12,32.36,738.4,39.1
7,31,13,33.51,818.7,35.6
7,31,14,34.47,853.8,33.0
7,31,15,34.89,814.0,31.3
7,31,16,35.14,729.0,30.6
7,31,17,35.06,589.4,30.1
7,31,18,34.59,459.9,31.6
7,31,19,33.66,286.9,34.7
7,31,20,31.95,131.2,40.2
7,31,21,29.92,19.3,43.5
7,31,22,28.42,0.0,49.3
7,31,23,27.23,0.0,55.2
8,1,0,26.28,0.0,62.0
8,1,1,25.33,0.0,68.9
8,1,2,24.6,0.0,72.7
8,1,3,24.61,0.0,68.4
8,1,4,24.64,0.0,66.6
8,1,5,23.68,0.0,71.3
8,1,6,23.23,0.0,72.3
8,1,7,23.0,8.3,75.0
8,1,8,24.86,108.8,66.2
8,1,9,27.49,278.2,52.2
8,1,10,29.35,459.6,45.1
8,1,11,30.97,630.8,40.9
8,1,12,32.41,765.1,37.2
8,1,13,33.58,843.2,34.4
8,1,14,34.13,842.0,33.4
8,1,15,34.68,826.3,32.1
8,1,16,34.8,722.9,32.9
8,1,17,34.34,593.4,34.4
8,1,18,34.0,459.7,34.2
8,1,19,33.11,291.7,35.9
8,1,20,31.54,128.8,41.7
8,1,21,29.8,18.1,45.1
8,1,22,28.37,0.0,49.9
8,1,23,26.9,0.0,57.1
8,2,0,26.21,0.0,59.9
8,2,1,25.33,0.0,64.7
8,2,2,24.72,0.0,68.2
8,2,3,24.48,0.0,67.6
8,2,4,23.47,0.0,71.2
8,2,5,23.29,0.0,71.1
8,2,6,23.03,0.0,71.6
8,2,7,23.18,7.6,72.8
8,2,8,24.67,102.3,66.8
8,2,9,26.9,267.9,57.9
8,2,10,28.97,457.9,50.1
8,2,11,30.66,613.4,44.9
8,2,12,32.19,737.0,40.2
8,2,13,33.64,832.8,36.4
8,2,14,34.45,813.6,34.1
8,2,15,34.7,809.7,34.2
8,2,16,34.95,740.6,34.4
8,2,17,34.27,584.9,36.2
8,2,18,33.9,435.5,36.1
8,2,19,32.9,285.0,38.9
8,2,20,31.26,129.2,44.2
8,2,21,29.09,17.2,51.4
8,2,22,28.12,0.0,53.6
8,2,23,26.85,0.0,59.7
8,3,0,26.12,0.0,63.0
8,3,1,25.49,0.0,66.9
8,3,2,24.66,0.0,70.6
8,3,3,24.52,0.0,71.4
8,3,4,24.22,0.0,72.7
8,3,5,23.77,0.0,75.2
8,3,6,23.54,0.0,75.6
8,3,7,23.48,6.8,75.3
8,3,8,24.49,99.0,70.2
8,3,9,26.48,256.3,60.5
8,3,10,28.41,422.9,53.1
8,3,11,30.2,575.9,47.5
8,3,12,31.76,697.6,43.0
8,3,13,33.12,791.4,38.6
8,3,14,34.03,821.4,35.6
8,3,15,34.4,807.5,34.2
8,3,16,34.91,711.4,33.3
8,3,17,34.68,602.9,34.4
8,3,18,34.14,453.4,35.8
8,3,19,33.3,277.0,37.5
8,3,20,31.53,126.5,43.2
8,3,21,29.48,16.2,48.0
8,3,22,28.41,0.0,50.4
8,3,23,26.95,0.0,56.7
8,4,0,25.82,0.0,61.2
8,4,1,25.38,0.0,62.8
8,4,2,24.82,0.0,64.3
8,4,3,24.36,0.0,66.5
8,4,4,23.43,0.0,67.7
8,4,5,23.36,0.0,67.4
8,4,6,22.79,0.0,68.6
8,4,7,22.87,6.2,70.6
8,4,8,24.34,98.1,64.8
8,4,9,26.57,258.0,55.9
8,4,10,28.67,447.6,47.8
8,4,11,30.5,608.9,42.3
8,4,12,31.95,732.7,38.2
8,4,13,33.14,802.8,34.3
8,4,14,34.02,826.5,31.6
8,4,15,34.23,817.8,31.4
8,4,16,34.54,726.0,30.2
8,4,17,34.55,617.3,29.3
8,4,18,34.12,464.2,30.0
8,4,19,33.18,299.2,32.4
8,4,20,31.4,130.6,38.2
8,4,21,29.12,15.5,43.0
8,4,22,28.13,0.0,45.9
8,4,23,26.84,0.0,51.2
8,5,0,26.12,0.0,55.3
8,5,1,25.62,0.0,58.7
8,5,2,24.95,0.0,62.0
8,5,3,24.72,0.0,63.5
8,5,4,23.99,0.0,66.0
8,5,5,23.18,0.0,70.2
8,5,6,22.87,0.0,71.8
8,5,7,22.88,6.0,71.4
8,5,8,24.22,99.7,66.0
8,5,9,26.65,263.3,54.7
8,5,10,28.86,446.8,45.1
8,5,11,30.67,598.5,39.4
8,5,12,32.06,733.1,36.9
8,5,13,33.08,806.8,34.4
8,5,14,33.74,823.6,32.6
8,5,15,34.13,769.2,31.7
8,5,16,34.14,676.1,31.7
8,5,17,33.65,573.7,32.7
8,5,18,33.35,428.9,33.5
8,5,19,32.15,269.4,38.6
8,5,20,29.95,122.3,46.9
8,5,21,27.88,13.6,54.6
8,5,22,27.22,0.0,56.1
8,5,23,26.29,0.0,60.8
8,6,0,25.62,0.0,64.1
8,6,1,24.75,0.0,68.8
8,6,2,23.89,0.0,73.1
8,6,3,24.0,0.0,71.7
8,6,4,23.56,0.0,70.7
8,6,5,23.14,0.0,72.7
8,6,6,22.84,0.0,73.8
8,6,7,22.86,5.3,74.2
8,6,8,24.13,92.3,69.0
8,6,9,26.27,255.8,58.8
8,6,10,28.13,422.6,50.4
8,6,11,29.81,584.4,43.5
8,6,12,31.37,715.8,38.1
8,6,13,32.48,777.0,34.0
8,6,14,33.29,799.4,31.5
8,6,15,33.36,763.8,31.0
8,6,16,33.58,689.4,30.4
8,6,17,33.19,562.0,31.0
8,6,18,32.74,420.7,32.3
8,6,19,31.89,263.9,35.7
8,6,20,30.37,117.2,39.1
8,6,21,28.21,13.1,45.5
8,6,22,27.22,0.0,48.0
8,6,23,26.44,0.0,51.3
8,7,0,25.63,0.0,53.7
8,7,1,24.75,0.0,57.6
8,7,2,23.95,0.0,60.4
8,7,3,23.84,0.0,61.1
8,7,4,23.65,0.0,61.7
8,7,5,23.03,0.0,64.6
8,7,6,22.38,0.0,66.9
8,7,7,22.23,4.7,69.7
8,7,8,23.73,92.0,63.8
8,7,9,26.04,248.4,53.6
8,7,10,28.0,431.1,46.4
8,7,11,29.7,592.2,41.2
8,7,12,31.22,720.2,37.3
8,7,13,32.35,786.7,34.2
8,7,14,33.13,807.4,32.4
8,7,15,33.64,765.0,30.5
8,7,16,33.99,703.1,29.8
8,7,17,33.47,572.3,31.0
8,7,18,33.12,424.8,31.4
8,7,19,32.36,266.4,33.4
8,7,20,30.42,116.8,42.0
8,7,21,28.92,12.0,43.0
8,7,22,27.47,0.0,47.8
8,7,23,26.34,0.0,53.7
8,8,0,25.63,0.0,58.2
8,8,1,24.93,0.0,61.3
8,8,2,24.27,0.0,66.0
8,8,3,24.04,0.0,66.8
8,8,4,23.1,0.0,71.2
8,8,5,23.07,0.0,71.9
8,8,6,22.85,0.0,71.9
8,8,7,22.19,4.3,76.7
8,8,8,23.49,87.8,71.9
8,8,9,25.5,242.0,62.0
8,8,10,27.68,419.8,51.4
8,8,11,29.39,582.8,45.4
8,8,12,30.94,707.6,40.2
8,8,13,32.13,762.5,36.9
8,8,14,32.99,801.8,34.8
8,8,15,33.55,770.1,33.3
8,8,16,33.54,682.6,33.6
8,8,17,33.1,574.9,34.5
8,8,18,32.05,424.8,37.8
8,8,19,30.91,258.7,40.9
8,8,20,29.26,107.1,45.9
8,8,21,27.7,10.2,50.0
8,8,22,26.63,0.0,53.6
8,8,23,26.13,0.0,55.8
8,9,0,25.17,0.0,60.1
8,9,1,24.48,0.0,63.2
8,9,2,23.79,0.0,66.6
8,9,3,23.57,0.0,68.6
8,9,4,22.85,0.0,71.1
8,9,5,22.72,0.0,72.0
8,9,6,22.66,0.0,72.1
8,9,7,22.4,3.6,76.0
8,9,8,23.68,86.7,70.2
8,9,9,25.79,242.1,59.7
8,9,10,27.67,409.3,51.5
8,9,11,29.5,577.8,45.3
8,9,12,31.23,730.7,39.9
8,9,13,32.49,783.1,35.4
8,9,14,33.46,824.2,33.0
8,9,15,33.93,760.3,31.8
8,9,16,34.28,663.5,30.7
8,9,17,34.29,562.1,29.9
8,9,18,33.67,415.3,31.4
8,9,19,32.7,252.8,35.4
8,9,20,30.98,108.3,41.3
8,9,21,29.33,10.0,43.2
8,9,22,27.89,0.0,48.8
8,9,23,26.42,0.0,56.5
8,10,0,26.28,0.0,57.8
8,10,1,25.46,0.0,62.7
8,10,2,24.53,0.0,67.4
8,10,3,23.76,0.0,72.5
8,10,4,23.74,0.0,71.0
8,10,5,22.89,0.0,75.0
8,10,6,22.47,0.0,75.4
8,10,7,22.32,3.6,77.1
8,10,8,23.75,82.7,70.6
8,10,9,26.25,237.5,57.5
8,10,10,28.4,407.3,48.8
8,10,11,30.08,577.1,42.9
8,10,12,31.43,688.6,39.7
8,10,13,32.81,804.0,35.4
8,10,14,33.69,836.0,32.6
8,10,15,33.72,796.5,32.9
8,10,16,33.98,679.3,32.2
8,10,17,33.83,554.7,31.9
8,10,18,33.56,421.4,32.0
8,10,19,32.56,265.5,35.8
8,10,20,30.55,111.4,42.0
8,10,21,28.46,9.5,47.6
8,10,22,27.18,0.0,53.8
8,10,23,26.18,0.0,60.4
8,11,0,25.45,0.0,64.6
8,11,1,24.78,0.0,67.8
8,11,2,24.41,0.0,69.9
8,11,3,23.67,0.0,73.2
8,11,4,23.25,0.0,74.0
8,11,5,22.86,0.0,74.8
8,11,6,22.57,0.0,75.7
8,11,7,21.95,3.4,80.8
8,11,8,23.7,89.3,72.4
8,11,9,26.31,253.9,59.2
8,11,10,28.38,439.1,50.0
8,11,11,30.11,600.0,43.7
8,11,12,31.7,740.7,38.5
8,11,13,32.87,803.2,34.7
8,11,14,33.38,768.6,33.2
8,11,15,33.82,740.9,33.0
8,11,16,33.64,680.7,34.0
8,11,17,33.65,574.4,33.0
8,11,18,33.08,422.7,34.3
8,11,19,32.16,260.8,37.6
8,11,20,30.28,102.0,45.6
8,11,21,28.6,8.4,48.5
8,11,22,27.6,0.0,51.9
8,11,23,26.78,0.0,54.3
8,12,0,25.69,0.0,59.1
8,12,1,25.26,0.0,61.1
8,12,2,24.79,0.0,63.3
8,12,3,24.15,0.0,68.3
8,12,4,23.57,0.0,69.7
8,12,5,22.98,0.0,71.6
8,12,6,22.61,0.0,73.1
8,12,7,22.36,3.0,73.4
8,12,8,23.65,84.9,67.8
8,12,9,25.84,249.2,57.4
8,12,10,27.72,422.6,49.5
8,12,11,29.44,592.8,44.0
8,12,12,30.95,726.6,40.1
8,12,13,32.16,806.4,36.4
8,12,14,32.96,807.1,33.7
8,12,15,33.32,774.6,31.9
8,12,16,33.64,712.9,31.5
8,12,17,33.41,576.5,32.3
8,12,18,33.01,432.3,33.0
8,12,19,32.01,262.5,36.0
8,12,20,30.05,105.7,41.5
8,12,21,28.45,8.2,43.5
8,12,22,27.16,0.0,47.7
8,12,23,26.47,0.0,49.0
8,13,0,25.66,0.0,51.5
8,13,1,24.73,0.0,55.9
8,13,2,24.11,0.0,59.5
8,13,3,23.64,0.0,63.4
8,13,4,22.85,0.0,66.5
8,13,5,22.62,0.0,65.6
8,13,6,22.1,0.0,66.5
8,13,7,22.16,2.7,66.5
8,13,8,23.46,77.4,61.5
8,13,9,25.48,224.2,53.3
8,13,10,27.25,401.6,46.7
8,13,11,28.92,572.0,41.5
8,13,12,30.41,710.4,37.9
8,13,13,31.61,789.7,34.9
8,13,14,32.29,784.4,33.0
8,13,15,32.26,738.4,33.5
8,13,16,32.38,657.1,33.9
8,13,17,32.38,568.6,34.0
8,13,18,32.0,423.6,34.4
8,13,19,31.07,261.8,37.1
8,13,20,29.29,105.7,43.0
8,13,21,27.45,7.2,47.1
8,13,22,26.41,0.0,50.1
8,13,23,25.5,0.0,55.4
8,14,0,24.73,0.0,58.8
8,14,1,24.01,0.0,62.8
8,14,2,23.49,0.0,66.1
8,14,3,23.17,0.0,69.1
8,14,4,21.98,0.0,75.4
8,14,5,21.94,0.0,75.4
8,14,6,21.85,0.0,76.2
8,14,7,21.54,2.3,78.6
8,14,8,22.73,75.9,74.9
8,14,9,24.91,219.5,64.0
8,14,10,26.67,383.7,55.4
8,14,11,28.28,541.9,48.2
8,14,12,29.75,666.5,43.0
8,14,13,30.91,760.2,39.5
8,14,14,31.7,756.4,37.1
8,14,15,31.92,743.6,37.8
8,14,16,32.41,671.2,36.0
8,14,17,32.22,548.3,35.4
8,14,18,31.58,405.6,37.2
8,14,19,30.6,249.8,39.9
8,14,20,28.88,91.6,45.1
8,14,21,27.37,5.7,50.5
8,14,22,26.16,0.0,55.7
8,14,23,25.0,0.0,60.6
8,15,0,24.58,0.0,62.0
8,15,1,23.84,0.0,66.0
8,15,2,23.49,0.0,67.5
8,15,3,23.11,0.0,70.7
8,15,4,22.55,0.0,74.2
8,15,5,22.07,0.0,76.8
8,15,6,22.07,0.0,76.1
8,15,7,21.43,2.0,79.7
8,15,8,22.68,79.6,74.6
8,15,9,25.06,243.3,62.1
8,15,10,27.1,426.5,51.6
8,15,11,28.84,586.8,44.7
8,15,12,30.37,721.2,39.7
8,15,13,31.6,792.9,36.4
8,15,14,32.42,807.2,34.0
8,15,15,32.83,781.6,33.1
8,15,16,33.09,691.3,31.8
8,15,17,33.01,566.3,31.9
8,15,18,32.69,410.8,32.3
8,15,19,31.81,248.4,34.5
8,15,20,29.64,92.5,45.0
8,15,21,27.99,5.6,47.2
8,15,22,26.66,0.0,52.6
8,15,23,26.11,0.0,54.3
8,16,0,25.42,0.0,58.2
8,16,1,24.23,0.0,64.6
8,16,2,24.04,0.0,65.2
8,16,3,23.42,0.0,65.5
8,16,4,22.54,0.0,68.8
8,16,5,22.56,0.0,67.6
8,16,6,22.04,0.0,69.9
8,16,7,21.51,1.9,73.7
8,16,8,23.06,74.6,67.1
8,16,9,25.23,227.8,58.2
8,16,10,27.13,399.6,51.6
8,16,11,28.93,570.0,45.4
8,16,12,30.55,702.9,40.0
8,16,13,31.87,776.0,36.3
8,16,14,32.85,803.9,33.9
8,16,15,33.29,768.5,33.2
8,16,16,33.5,667.0,32.8
8,16,17,33.25,566.4,32.3
8,16,18,32.58,400.7,33.2
8,16,19,31.5,243.1,36.3
8,16,20,29.73,91.5,41.4
8,16,21,27.67,4.9,48.7
8,16,22,26.82,0.0,53.6
8,16,23,26.46,0.0,54.9
8,17,0,25.58,0.0,59.0
8,17,1,24.95,0.0,61.6
8,17,2,24.22,0.0,64.1
8,17,3,24.14,0.0,64.4
8,17,4,23.36,0.0,66.6
8,17,5,22.65,0.0,69.8
8,17,6,22.12,0.0,72.6
8,17,7,21.87,1.5,74.1
8,17,8,23.12,73.0,69.8
8,17,9,25.41,230.1,59.0
8,17,10,27.22,395.1,51.7
8,17,11,28.94,560.3,46.4
8,17,12,30.45,681.1,42.2
8,17,13,31.66,753.2,39.2
8,17,14,32.59,785.7,36.3
8,17,15,33.16,757.0,33.8
8,17,16,33.21,657.1,33.1
8,17,17,33.11,541.6,32.9
8,17,18,32.5,392.7,34.2
8,17,19,31.56,246.9,37.9
8,17,20,29.65,88.6,43.1
8,17,21,27.74,4.3,50.8
8,17,22,26.48,0.0,57.9
8,17,23,25.88,0.0,60.7
8,18,0,25.14,0.0,63.5
8,18,1,24.6,0.0,65.7
8,18,2,24.23,0.0,67.0
8,18,3,23.54,0.0,72.9
8,18,4,22.93,0.0,73.2
8,18,5,22.47,0.0,74.5
8,18,6,22.02,0.0,75.2
8,18,7,22.03,1.1,74.4
8,18,8,23.02,75.6,70.9
8,18,9,25.53,240.5,59.2
8,18,10,27.66,419.1,49.9
8,18,11,29.49,581.1,43.2
8,18,12,31.11,722.2,38.3
8,18,13,32.39,810.8,34.6
8,18,14,33.26,824.7,32.2
8,18,15,33.6,789.3,30.8
8,18,16,33.71,676.7,31.1
8,18,17,33.39,559.8,32.6
8,18,18,32.88,416.3,33.7
8,18,19,31.87,249.5,37.0
8,18,20,29.98,87.8,41.0
8,18,21,28.04,3.6,46.4
8,18,22,27.0,0.0,49.1
8,18,23,26.27,0.0,52.9
8,19,0,25.12,0.0,58.9
8,19,1,24.7,0.0,61.7
8,19,2,24.34,0.0,63.9
8,19,3,23.75,0.0,67.7
8,19,4,23.23,0.0,70.3
8,19,5,22.21,0.0,74.7
8,19,6,21.83,0.0,76.4
8,19,7,21.68,1.0,73.6
8,19,8,22.65,72.5,69.2
8,19,9,24.9,235.2,60.2
8,19,10,27.25,418.0,50.8
8,19,11,29.23,586.1,43.5
8,19,12,30.98,707.8,37.4
8,19,13,32.33,772.8,32.7
8,19,14,33.25,789.9,30.4
8,19,15,33.56,773.0,30.2
8,19,16,33.7,670.2,31.5
8,19,17,33.23,547.3,34.2
8,19,18,32.62,405.6,35.6
8,19,19,31.33,234.9,40.2
8,19,20,29.48,82.4,43.9
8,19,21,27.9,2.9,48.0
8,19,22,26.73,0.0,52.1
8,19,23,25.76,0.0,57.6
8,20,0,25.34,0.0,61.0
8,20,1,24.36,0.0,65.8
8,20,2,23.89,0.0,67.9
8,20,3,23.77,0.0,68.7
8,20,4,22.79,0.0,71.0
8,20,5,22.05,0.0,74.8
8,20,6,21.74,0.0,76.2
8,20,7,21.56,0.9,77.9
8,20,8,22.7,68.0,73.4
8,20,9,24.79,215.1,64.4
8,20,10,26.58,366.5,57.7
8,20,11,28.13,509.0,52.7
8,20,12,29.61,663.8,48.0
8,20,13,30.67,721.1,44.6
8,20,14,31.52,752.8,41.5
8,20,15,31.99,694.9,38.9
8,20,16,31.94,620.8,40.2
8,20,17,31.62,496.0,40.8
8,20,18,30.97,379.9,41.5
8,20,19,30.04,220.4,43.7
8,20,20,28.42,78.1,49.1
8,20,21,26.25,2.4,59.2
8,20,22,25.43,0.0,63.5
8,20,23,24.63,0.0,67.3
8,21,0,23.99,0.0,69.6
8,21,1,23.81,0.0,70.7
8,21,2,23.42,0.0,72.6
8,21,3,23.27,0.0,72.0
8,21,4,22.54,0.0,74.1
8,21,5,22.3,0.0,74.4
8,21,6,22.29,0.0,73.5
8,21,7,21.68,0.7,77.1
8,21,8,22.49,56.5,75.1
8,21,9,24.52,192.2,64.6
8,21,10,26.11,342.3,56.3
8,21,11,27.57,511.1,50.8
8,21,12,28.86,625.4,46.6
8,21,13,30.01,689.5,43.2
8,21,14,30.96,732.2,39.7
8,21,15,31.5,718.6,36.5
8,21,16,31.9,655.2,35.1
8,21,17,31.85,525.5,34.6
8,21,18,31.57,375.7,35.6
8,21,19,30.55,222.0,39.0
8,21,20,28.69,76.1,46.6
8,21,21,27.03,2.1,50.9
8,21,22,25.95,0.0,54.9
8,21,23,24.83,0.0,59.3
8,22,0,24.26,0.0,62.0
8,22,1,23.52,0.0,65.8
8,22,2,23.43,0.0,65.6
8,22,3,22.96,0.0,68.7
8,22,4,22.28,0.0,70.9
8,22,5,21.78,0.0,72.1
8,22,6,21.82,0.0,70.6
8,22,7,21.14,0.6,73.9
8,22,8,22.16,61.7,70.9
8,22,9,24.25,212.2,61.4
8,22,10,26.29,395.2,51.9
8,22,11,28.08,560.8,46.4
8,22,12,29.62,681.7,42.3
8,22,13,30.95,760.9,39.0
8,22,14,31.89,786.9,36.3
8,22,15,31.81,741.2,37.2
8,22,16,32.33,648.8,35.3
8,22,17,32.35,566.4,35.1
8,22,18,31.89,397.6,36.3
8,22,19,30.65,227.2,40.4
8,22,20,28.4,73.9,47.4
8,22,21,26.83,1.8,51.0
8,22,22,25.77,0.0,52.6
8,22,23,24.6,0.0,56.0
8,23,0,24.17,0.0,58.5
8,23,1,23.26,0.0,63.8
8,23,2,22.81,0.0,65.6
8,23,3,22.5,0.0,68.0
8,23,4,21.71,0.0,70.7
8,23,5,21.59,0.0,69.9
8,23,6,21.63,0.0,69.5
8,23,7,21.05,0.0,71.2
8,23,8,22.14,62.9,67.9
8,23,9,24.22,220.7,60.0
8,23,10,26.29,398.2,51.0
8,23,11,28.05,565.8,45.2
8,23,12,29.57,698.3,40.8
8,23,13,30.82,778.7,37.7
8,23,14,31.73,804.3,35.6
8,23,15,31.84,769.4,35.2
8,23,16,32.26,677.6,34.0
8,23,17,32.13,547.7,33.8
8,23,18,31.71,394.8,34.7
8,23,19,30.83,226.0,38.2
8,23,20,28.72,71.9,44.7
8,23,21,27.16,1.2,48.4
8,23,22,26.01,0.0,53.1
8,23,23,25.49,0.0,55.1
8,24,0,24.34,0.0,59.4
8,24,1,23.63,0.0,62.8
8,24,2,23.0,0.0,66.0
8,24,3,22.39,0.0,67.2
8,24,4,21.97,0.0,66.5
8,24,5,21.74,0.0,66.3
8,24,6,21.63,0.0,66.5
8,24,7,21.58,0.0,67.3
8,24,8,22.12,62.2,67.6
8,24,9,24.33,213.5,60.1
8,24,10,26.42,387.9,53.0
8,24,11,28.21,563.9,46.7
8,24,12,29.73,689.7,41.7
8,24,13,30.97,773.0,38.7
8,24,14,31.69,794.8,36.7
8,24,15,31.8,759.4,37.6
8,24,16,32.37,652.7,35.6
8,24,17,32.3,531.3,34.9
8,24,18,31.87,377.6,35.8
8,24,19,30.87,208.4,38.4
8,24,20,28.9,66.8,44.2
8,24,21,27.1,1.0,48.6
8,24,22,26.17,0.0,52.9
8,24,23,25.22,0.0,57.6
8,25,0,24.27,0.0,62.3
8,25,1,23.73,0.0,66.4
8,25,2,23.39,0.0,68.2
8,25,3,22.82,0.0,71.5
8,25,4,21.96,0.0,75.7
8,25,5,21.67,0.0,76.4
8,25,6,21.54,0.0,76.0
8,25,7,21.64,0.0,76.0
8,25,8,22.32,52.7,74.5
8,25,9,24.4,191.7,65.0
8,25,10,26.23,349.7,57.5
8,25,11,28.06,542.8,50.6
8,25,12,29.61,679.7,45.7
8,25,13,30.84,766.2,42.3
8,25,14,31.63,759.8,40.9
8,25,15,31.59,709.5,40.8
8,25,16,31.41,591.7,41.6
8,25,17,31.39,502.5,41.4
8,25,18,30.54,349.3,44.7
8,25,19,29.47,204.4,49.3
8,25,20,27.61,62.5,54.6
8,25,21,26.15,1.0,58.9
8,25,22,25.28,0.0,63.7
8,25,23,24.73,0.0,65.2
8,26,0,24.07,0.0,68.6
8,26,1,23.59,0.0,70.8
8,26,2,22.97,0.0,73.9
8,26,3,22.54,0.0,74.3
8,26,4,22.08,0.0,76.3
8,26,5,21.54,0.0,78.1
8,26,6,21.53,0.0,77.5
8,26,7,21.32,0.0,77.4
8,26,8,22.17,57.7,74.2
8,26,9,24.15,211.3,65.4
8,26,10,26.05,370.4,56.7
8,26,11,27.87,520.9,49.0
8,26,12,29.19,614.9,45.1
8,26,13,30.16,702.0,42.5
8,26,14,31.21,746.2,38.8
8,26,15,31.71,696.0,37.0
8,26,16,32.1,596.7,35.0
8,26,17,31.75,485.7,35.4
8,26,18,31.12,336.0,38.1
8,26,19,30.07,206.0,44.3
8,26,20,28.11,62.0,50.3
8,26,21,26.44,0.5,55.1
8,26,22,25.1,0.0,58.4
8,26,23,24.37,0.0,60.8
8,27,0,23.56,0.0,66.0
8,27,1,23.29,0.0,67.0
8,27,2,23.1,0.0,68.5
8,27,3,22.29,0.0,74.4
8,27,4,21.45,0.0,77.5
8,27,5,21.06,0.0,78.4
8,27,6,21.02,0.0,77.9
8,27,7,21.24,0.0,76.1
8,27,8,21.69,56.1,74.5
8,27,9,23.7,207.5,66.0
8,27,10,25.68,370.9,58.0
8,27,11,27.64,537.6,49.7
8,27,12,29.27,657.9,43.9
8,27,13,30.53,756.2,39.9
8,27,14,31.51,772.9,37.5
8,27,15,31.64,746.0,38.1
8,27,16,32.05,648.9,36.6
8,27,17,31.9,530.7,36.9
8,27,18,31.44,383.7,37.7
8,27,19,30.38,214.4,41.4
8,27,20,27.75,62.3,52.3
8,27,21,26.28,0.0,56.8
8,27,22,25.1,0.0,60.2
8,27,23,24.41,0.0,63.2
8,28,0,23.79,0.0,66.9
8,28,1,23.3,0.0,69.2
8,28,2,22.69,0.0,72.6
8,28,3,22.26,0.0,74.3
8,28,4,21.29,0.0,79.5
8,28,5,21.15,0.0,79.6
8,28,6,20.88,0.0,80.2
8,28,7,21.02,0.0,79.3
8,28,8,21.88,55.9,76.3
8,28,9,24.15,213.9,65.8
8,28,10,26.37,397.8,54.4
8,28,11,28.27,566.5,46.8
8,28,12,29.93,698.6,41.9
8,28,13,31.23,775.1,38.2
8,28,14,32.13,786.5,35.5
8,28,15,32.85,744.4,33.3
8,28,16,32.89,650.1,32.9
8,28,17,32.68,534.7,33.2
8,28,18,32.18,380.6,34.2
8,28,19,30.97,211.7,39.2
8,28,20,28.8,60.3,44.1
8,28,21,27.53,0.0,48.3
8,28,22,25.57,0.0,56.7
8,28,23,25.35,0.0,57.2
8,29,0,24.51,0.0,60.4
8,29,1,23.78,0.0,64.6
8,29,2,23.18,0.0,67.7
8,29,3,22.61,0.0,70.3
8,29,4,22.02,0.0,73.2
8,29,5,21.46,0.0,77.5
8,29,6,21.35,0.0,79.1
8,29,7,21.31,0.0,79.3
8,29,8,21.89,53.2,78.0
8,29,9,24.32,205.2,66.4
8,29,10,26.64,377.3,53.9
8,29,11,28.49,536.5,46.8
8,29,12,30.11,676.5,40.7
8,29,13,31.2,770.0,37.4
8,29,14,31.95,782.1,35.3
8,29,15,32.64,731.3,32.5
8,29,16,32.76,667.3,32.6
8,29,17,32.22,532.4,34.2
8,29,18,31.48,365.2,36.2
8,29,19,29.93,201.2,43.3
8,29,20,27.63,53.9,49.8
8,29,21,26.07,0.0,55.9
8,29,22,24.91,0.0,61.4
8,29,23,24.04,0.0,65.5
8,30,0,23.73,0.0,65.0
8,30,1,22.83,0.0,69.2
8,30,2,22.32,0.0,72.6
8,30,3,21.56,0.0,74.1
8,30,4,20.75,0.0,75.6
8,30,5,20.63,0.0,75.9
8,30,6,20.57,0.0,75.4
8,30,7,20.01,0.0,77.4
8,30,8,20.79,50.7,74.6
8,30,9,23.28,202.3,63.8
8,30,10,25.74,383.9,52.2
8,30,11,27.81,551.1,44.4
8,30,12,29.23,673.2,40.1
8,30,13,30.48,741.7,36.4
8,30,14,31.46,787.6,33.3
8,30,15,31.85,761.7,31.7
8,30,16,32.01,636.7,31.8
8,30,17,31.86,519.4,31.8
8,30,18,31.42,373.8,33.3
8,30,19,30.07,202.5,38.8
8,30,20,27.75,53.6,44.4
8,30,21,26.66,0.0,45.6
8,30,22,25.48,0.0,50.9
8,30,23,24.54,0.0,54.6
8,31,0,23.52,0.0,59.4
8,31,1,22.69,0.0,63.4
8,31,2,22.13,0.0,65.2
8,31,3,22.0,0.0,66.3
8,31,4,21.19,0.0,70.3
8,31,5,20.55,0.0,73.2
8,31,6,20.66,0.0,72.2
8,31,7,20.52,0.0,71.9
8,31,8,21.16,49.9,70.3
8,31,9,23.59,206.9,59.9
8,31,10,26.15,392.3,48.9
8,31,11,28.16,565.9,42.8
8,31,12,29.77,700.6,39.1
8,31,13,30.99,773.8,36.0
8,31,14,31.86,781.8,33.7
8,31,15,32.48,745.9,31.4
8,31,16,32.49,633.4,31.7
8,31,17,32.12,507.8,32.9
8,31,18,31.28,364.1,35.2
8,31,19,29.88,200.7,40.8
8,31,20,27.65,50.0,47.7
8,31,21,25.8,0.0,55.1
8,31,22,24.66,0.0,59.8
8,31,23,23.93,0.0,62.0
9,1,0,23.22,0.0,64.7
9,1,1,22.76,0.0,66.1
9,1,2,22.26,0.0,67.6
9,1,3,21.28,0.0,72.6
9,1,4,21.01,0.0,74.6
9,1,5,20.78,0.0,76.0
9,1,6,20.68,0.0,76.0
9,1,7,20.72,0.0,75.3
9,1,8,21.07,48.7,74.5
9,1,9,23.33,203.0,65.0
9,1,10,25.68,384.0,53.5
9,1,11,27.55,544.2,46.3
9,1,12,29.12,674.3,42.1
9,1,13,30.37,755.3,39.1
9,1,14,31.26,793.3,36.9
9,1,15,31.61,745.3,36.0
9,1,16,31.83,656.3,35.5
9,1,17,31.48,512.7,35.8
9,1,18,30.64,348.0,37.4
9,1,19,29.08,189.6,44.7
9,1,20,26.52,45.7,52.8
9,1,21,25.56,0.0,55.9
9,1,22,24.75,0.0,59.4
9,1,23,24.22,0.0,61.2
9,2,0,22.83,0.0,66.6
9,2,1,22.37,0.0,68.3
9,2,2,21.56,0.0,72.8
9,2,3,21.54,0.0,72.3
9,2,4,20.8,0.0,76.5
9,2,5,20.56,0.0,77.2
9,2,6,20.56,0.0,75.6
9,2,7,20.7,0.0,73.7
9,2,8,20.98,44.9,74.5
9,2,9,23.08,195.1,65.1
9,2,10,25.29,366.6,54.3
9,2,11,27.1,529.0,47.4
9,2,12,28.63,662.0,43.4
9,2,13,29.81,720.0,40.6
9,2,14,30.73,759.3,38.4
9,2,15,31.37,708.5,36.8
9,2,16,31.22,650.4,38.6
9,2,17,31.02,499.5,38.6
9,2,18,30.53,351.7,40.1
9,2,19,29.27,185.1,44.6
9,2,20,26.95,40.7,52.1
9,2,21,25.51,0.0,56.3
9,2,22,24.62,0.0,58.4
9,2,23,23.65,0.0,61.9
9,3,0,23.07,0.0,65.1
9,3,1,22.44,0.0,68.7
9,3,2,21.92,0.0,71.9
9,3,3,21.68,0.0,72.5
9,3,4,21.06,0.0,74.4
9,3,5,20.76,0.0,75.4
9,3,6,20.46,0.0,75.9
9,3,7,19.85,0.0,77.7
9,3,8,20.88,45.7,73.5
9,3,9,23.15,200.5,64.0
9,3,10,25.35,379.6,55.2
9,3,11,27.26,544.5,48.5
9,3,12,29.1,686.2,42.9
9,3,13,30.56,764.4,38.4
9,3,14,31.47,782.2,35.3
9,3,15,31.93,730.5,34.0
9,3,16,32.17,649.0,33.8
9,3,17,31.76,511.9,34.8
9,3,18,31.11,359.9,36.4
9,3,19,29.67,181.0,43.6
9,3,20,27.17,39.6,51.2
9,3,21,26.17,0.0,54.9
9,3,22,25.49,0.0,57.5
9,3,23,24.28,0.0,63.1
9,4,0,23.52,0.0,65.9
9,4,1,23.01,0.0,67.9
9,4,2,22.64,0.0,67.3
9,4,3,22.68,0.0,64.2
9,4,4,21.41,0.0,69.4
9,4,5,20.68,0.0,73.7
9,4,6,20.26,0.0,75.6
9,4,7,20.1,0.0,74.8
9,4,8,20.77,41.9,71.8
9,4,9,22.85,184.8,64.5
9,4,10,24.88,354.9,53.8
9,4,11,26.62,509.9,46.3
9,4,12,28.19,640.6,40.8
9,4,13,29.4,710.2,36.4
9,4,14,30.2,718.4,34.1
9,4,15,29.76,653.9,36.3
9,4,16,29.97,561.9,36.6
9,4,17,29.87,468.2,36.9
9,4,18,29.24,326.2,38.6
9,4,19,28.02,170.2,45.7
9,4,20,25.96,34.8,48.5
9,4,21,24.81,0.0,52.7
9,4,22,23.83,0.0,56.2
9,4,23,22.81,0.0,60.3
9,5,0,22.38,0.0,61.1
9,5,1,21.89,0.0,63.0
9,5,2,20.91,0.0,66.6
9,5,3,20.71,0.0,66.6
9,5,4,20.5,0.0,68.7
9,5,5,20.14,0.0,70.5
9,5,6,19.43,0.0,73.6
9,5,7,19.45,0.0,72.9
9,5,8,20.33,36.0,69.8
9,5,9,22.15,162.4,63.2
9,5,10,23.96,314.2,55.6
9,5,11,25.56,455.9,50.4
9,5,12,26.98,586.7,46.6
9,5,13,28.0,650.1,44.3
9,5,14,28.6,629.6,42.5
9,5,15,28.68,590.2,42.0
9,5,16,28.79,515.5,42.1
9,5,17,28.68,448.9,43.3
9,5,18,28.03,306.0,45.7
9,5,19,26.99,154.8,51.6
9,5,20,25.04,31.5,57.6
9,5,21,23.85,0.0,62.3
9,5,22,23.34,0.0,65.1
9,5,23,22.44,0.0,68.7
9,6,0,21.97,0.0,70.5
9,6,1,21.53,0.0,71.6
9,6,2,20.93,0.0,74.3
9,6,3,20.63,0.0,74.6
9,6,4,19.8,0.0,77.3
9,6,5,19.67,0.0,77.3
9,6,6,19.2,0.0,79.1
9,6,7,19.32,0.0,78.0
9,6,8,20.11,34.8,74.9
9,6,9,22.11,166.7,66.9
9,6,10,24.2,326.2,56.7
9,6,11,26.01,486.5,49.8
9,6,12,27.28,597.8,46.4
9,6,13,28.25,646.2,44.2
9,6,14,28.92,648.1,42.5
9,6,15,29.21,612.0,41.1
9,6,16,29.17,515.9,41.6
9,6,17,28.8,427.4,43.6
9,6,18,27.92,294.1,46.2
9,6,19,26.75,147.6,50.8
9,6,20,24.74,28.9,57.7
9,6,21,23.6,0.0,62.4
9,6,22,23.01,0.0,64.2
9,6,23,21.89,0.0,66.8
9,7,0,21.31,0.0,68.6
9,7,1,21.26,0.0,69.1
9,7,2,20.43,0.0,73.5
9,7,3,20.28,0.0,74.9
9,7,4,19.48,0.0,78.8
9,7,5,19.29,0.0,80.0
9,7,6,19.08,0.0,82.2
9,7,7,19.18,0.0,81.7
9,7,8,19.76,29.2,80.5
9,7,9,21.48,147.9,71.6
9,7,10,23.33,301.6,63.5
9,7,11,24.84,440.7,59.0
9,7,12,26.21,542.6,54.8
9,7,13,27.43,628.3,50.0
9,7,14,28.09,658.3,47.8
9,7,15,28.03,620.9,48.1
9,7,16,27.84,520.8,49.2
9,7,17,27.7,407.5,49.5
9,7,18,27.0,270.7,51.6
9,7,19,25.88,134.9,57.2
9,7,20,24.5,24.4,58.6
9,7,21,23.23,0.0,63.0
9,7,22,22.34,0.0,67.0
9,7,23,21.66,0.0,70.0
9,8,0,21.34,0.0,71.9
9,8,1,20.91,0.0,74.7
9,8,2,20.48,0.0,78.5
9,8,3,20.27,0.0,79.2
9,8,4,19.54,0.0,82.7
9,8,5,19.56,0.0,82.9
9,8,6,19.59,0.0,82.5
9,8,7,18.98,0.0,84.6
9,8,8,19.47,30.3,83.1
9,8,9,21.3,157.8,74.0
9,8,10,22.96,321.9,65.0
9,8,11,24.51,466.2,57.7
9,8,12,25.83,563.2,53.1
9,8,13,26.61,615.6,52.7
9,8,14,27.45,636.6,49.4
9,8,15,27.63,597.5,49.2
9,8,16,27.51,502.3,49.6
9,8,17,27.25,384.3,49.6
9,8,18,26.45,268.1,52.6
9,8,19,25.28,130.7,59.0
9,8,20,23.47,23.5,64.8
9,8,21,22.75,0.0,66.5
9,8,22,21.92,0.0,70.3
9,8,23,21.56,0.0,72.1
9,9,0,20.92,0.0,75.2
9,9,1,20.43,0.0,77.7
9,9,2,20.09,0.0,79.5
9,9,3,19.95,0.0,80.2
9,9,4,19.73,0.0,80.8
9,9,5,19.93,0.0,79.3
9,9,6,19.55,0.0,81.7
9,9,7,19.47,0.0,82.1
9,9,8,19.91,27.6,80.6
9,9,9,21.6,139.2,73.7
9,9,10,23.16,280.0,66.5
9,9,11,24.65,407.4,59.7
9,9,12,26.0,543.1,54.6
9,9,13,26.88,594.1,51.1
9,9,14,27.58,631.8,48.4
9,9,15,27.28,590.8,49.2
9,9,16,27.35,496.5,48.7
9,9,17,26.99,378.9,50.0
9,9,18,26.45,245.2,52.3
9,9,19,25.44,122.8,57.8
9,9,20,23.8,21.2,61.9
9,9,21,22.66,0.0,67.6
9,9,22,21.9,0.0,69.5
9,9,23,21.51,0.0,70.6
9,10,0,21.1,0.0,72.7
9,10,1,20.52,0.0,77.1
9,10,2,20.27,0.0,77.9
9,10,3,19.86,0.0,79.8
9,10,4,19.49,0.0,82.1
9,10,5,19.34,0.0,82.8
9,10,6,19.29,0.0,83.0
9,10,7,18.67,0.0,85.4
9,10,8,19.22,27.3,83.8
9,10,9,21.15,148.2,77.2
9,10,10,22.91,299.8,69.5
9,10,11,24.39,427.6,62.3
9,10,12,25.76,545.5,56.8
9,10,13,26.95,638.5,52.2
9,10,14,27.79,646.2,49.1
9,10,15,28.26,614.7,47.0
9,10,16,28.47,551.3,46.6
9,10,17,28.17,456.0,47.5
9,10,18,27.61,309.7,49.9
9,10,19,26.31,148.6,57.1
9,10,20,23.9,23.0,63.8
9,10,21,22.92,0.0,67.0
9,10,22,22.2,0.0,69.9
9,10,23,21.73,0.0,72.6
9,11,0,21.16,0.0,75.6
9,11,1,20.37,0.0,79.8
9,11,2,20.0,0.0,80.4
9,11,3,20.21,0.0,77.6
9,11,4,20.18,0.0,75.7
9,11,5,19.73,0.0,77.7
9,11,6,19.15,0.0,80.6
9,11,7,19.05,0.0,80.4
9,11,8,19.26,30.0,81.0
9,11,9,21.3,163.3,72.9
9,11,10,23.58,332.2,62.3
9,11,11,25.34,491.5,54.5
9,11,12,26.84,630.1,49.1
9,11,13,27.91,714.0,45.5
9,11,14,28.67,704.1,42.8
9,11,15,29.0,680.6,41.2
9,11,16,29.15,574.7,40.6
9,11,17,28.79,452.1,41.9
9,11,18,28.03,295.3,45.4
9,11,19,26.68,140.1,52.8
9,11,20,24.48,20.2,58.1
9,11,21,23.24,0.0,63.8
9,11,22,22.4,0.0,67.2
9,11,23,21.89,0.0,69.4
9,12,0,21.03,0.0,71.2
9,12,1,20.19,0.0,75.5
9,12,2,19.86,0.0,77.3
9,12,3,20.36,0.0,75.4
9,12,4,19.73,0.0,77.7
9,12,5,19.52,0.0,77.4
9,12,6,19.18,0.0,78.7
9,12,7,18.5,0.0,81.3
9,12,8,19.07,29.0,80.8
9,12,9,21.01,166.2,72.9
9,12,10,23.36,352.1,60.5
9,12,11,25.18,511.9,51.0
9,12,12,26.63,648.6,45.8
9,12,13,27.79,726.7,42.2
9,12,14,28.66,728.8,39.5
9,12,15,29.15,673.2,36.4
9,12,16,29.53,593.6,35.9
9,12,17,29.49,464.2,35.3
9,12,18,28.87,305.7,36.6
9,12,19,27.06,134.3,49.9
9,12,20,25.07,19.1,48.6
9,12,21,23.53,0.0,53.5
9,12,22,22.41,0.0,59.4
9,12,23,21.66,0.0,64.4
9,13,0,21.05,0.0,67.0
9,13,1,20.19,0.0,70.8
9,13,2,20.28,0.0,70.1
9,13,3,19.85,0.0,72.1
9,13,4,19.27,0.0,73.7
9,13,5,19.1,0.0,72.6
9,13,6,19.15,0.0,70.3
9,13,7,18.94,0.0,70.2
9,13,8,19.02,28.6,71.9
9,13,9,20.99,163.6,66.1
9,13,10,23.17,326.0,56.1
9,13,11,25.07,505.8,49.6
9,13,12,26.58,606.1,45.1
9,13,13,27.92,718.9,40.8
9,13,14,28.87,741.1,37.8
9,13,15,29.26,714.0,37.1
9,13,16,29.4,600.7,35.5
9,13,17,29.05,477.1,36.7
9,13,18,28.31,324.6,39.3
9,13,19,26.48,148.7,47.7
9,13,20,24.11,19.4,51.8
9,13,21,22.74,0.0,56.0
9,13,22,21.84,0.0,58.2
9,13,23,21.49,0.0,58.9
9,14,0,20.78,0.0,61.4
9,14,1,20.44,0.0,63.1
9,14,2,19.56,0.0,67.6
9,14,3,19.63,0.0,67.5
9,14,4,18.89,0.0,70.1
9,14,5,18.12,0.0,73.1
9,14,6,18.35,0.0,72.1
9,14,7,18.1,0.0,73.2
9,14,8,18.48,27.9,73.3
9,14,9,20.58,167.0,66.2
9,14,10,23.02,345.7,57.1
9,14,11,24.99,505.8,50.3
9,14,12,26.72,628.2,44.2
9,14,13,28.06,689.5,39.8
9,14,14,29.06,727.2,37.0
9,14,15,29.51,681.6,35.1
9,14,16,29.67,586.9,34.5
9,14,17,29.3,456.8,35.9
9,14,18,28.31,307.1,39.8
9,14,19,26.47,137.4,47.9
9,14,20,24.32,16.5,53.5
9,14,21,23.05,0.0,57.6
9,14,22,22.24,0.0,59.9
9,14,23,21.52,0.0,62.5
9,15,0,20.78,0.0,65.5
9,15,1,20.3,0.0,67.3
9,15,2,19.95,0.0,68.6
9,15,3,19.23,0.0,72.5
9,15,4,18.3,0.0,77.2
9,15,5,18.62,0.0,77.2
9,15,6,18.39,0.0,77.3
9,15,7,18.24,0.0,76.9
9,15,8,18.44,27.7,78.1
9,15,9,20.5,170.1,70.4
9,15,10,23.01,352.0,59.4
9,15,11,25.11,522.7,50.7
9,15,12,26.91,658.8,44.1
9,15,13,28.39,743.5,39.8
9,15,14,29.44,752.1,36.8
9,15,15,29.87,694.7,35.2
9,15,16,30.31,594.9,34.2
9,15,17,30.02,462.5,34.7
9,15,18,29.27,312.2,37.5
9,15,19,27.42,140.6,45.5
9,15,20,25.14,15.5,50.3
9,15,21,23.62,0.0,56.7
9,15,22,22.36,0.0,62.7
9,15,23,21.82,0.0,66.0
9,16,0,21.6,0.0,66.9
9,16,1,20.5,0.0,72.0
9,16,2,19.9,0.0,76.1
9,16,3,19.63,0.0,78.9
9,16,4,19.01,0.0,80.2
9,16,5,18.8,0.0,80.3
9,16,6,18.25,0.0,83.0
9,16,7,18.1,0.0,82.2
9,16,8,18.53,25.7,81.8
9,16,9,20.78,165.0,72.4
9,16,10,23.53,341.3,59.3
9,16,11,25.59,507.8,51.6
9,16,12,27.29,648.0,46.1
9,16,13,28.71,725.7,42.1
9,16,14,29.73,747.6,39.3
9,16,15,30.23,707.8,37.2
9,16,16,30.41,612.8,37.4
9,16,17,29.77,462.8,40.4
9,16,18,28.55,305.0,45.2
9,16,19,26.67,135.8,52.0
9,16,20,24.59,14.1,57.1
9,16,21,23.32,0.0,60.8
9,16,22,22.1,0.0,67.2
9,16,23,21.42,0.0,71.1
9,17,0,21.05,0.0,73.9
9,17,1,20.58,0.0,76.7
9,17,2,20.54,0.0,78.0
9,17,3,20.23,0.0,80.3
9,17,4,19.52,0.0,82.7
9,17,5,19.11,0.0,83.4
9,17,6,19.11,0.0,82.4
9,17,7,18.64,0.0,84.5
9,17,8,19.05,22.9,83.8
9,17,9,21.21,146.7,74.3
9,17,10,23.62,316.4,62.0
9,17,11,25.46,451.1,55.7
9,17,12,27.19,566.3,51.6
9,17,13,28.53,631.6,48.3
9,17,14,29.63,694.8,46.1
9,17,15,29.74,677.7,46.7
9,17,16,29.78,507.8,46.2
9,17,17,29.38,402.4,46.8
9,17,18,28.5,249.5,47.4
9,17,19,26.88,113.7,55.0
9,17,20,24.91,11.4,61.8
9,17,21,23.83,0.0,66.2
9,17,22,23.08,0.0,69.8
9,17,23,22.21,0.0,74.1
9,18,0,21.75,0.0,75.9
9,18,1,21.38,0.0,77.5
9,18,2,20.7,0.0,81.0
9,18,3,20.54,0.0,83.2
9,18,4,19.82,0.0,85.9
9,18,5,19.43,0.0,86.9
9,18,6,19.21,0.0,88.1
9,18,7,19.24,0.0,87.6
9,18,8,19.46,20.3,87.8
9,18,9,21.29,135.3,78.7
9,18,10,23.58,283.4,67.0
9,18,11,25.44,421.5,57.4
9,18,12,27.13,540.7,50.5
9,18,13,28.19,601.8,46.7
9,18,14,28.91,604.9,43.1
9,18,15,29.17,600.2,43.6
9,18,16,29.33,522.3,42.6
9,18,17,28.8,401.0,43.7
9,18,18,28.06,266.1,45.2
9,18,19,26.42,115.6,52.9
9,18,20,24.55,10.4,55.9
9,18,21,23.27,0.0,61.0
9,18,22,22.63,0.0,62.9
9,18,23,21.9,0.0,65.9
9,19,0,21.21,0.0,69.5
9,19,1,20.48,0.0,72.9
9,19,2,19.96,0.0,75.1
9,19,3,19.93,0.0,73.9
9,19,4,19.23,0.0,76.0
9,19,5,19.08,0.0,74.6
9,19,6,18.77,0.0,74.9
9,19,7,18.01,0.0,77.3
9,19,8,18.63,21.4,74.6
9,19,9,20.59,152.2,68.0
9,19,10,22.81,314.2,58.2
9,19,11,24.72,474.0,51.5
9,19,12,26.27,576.9,46.3
9,19,13,27.53,647.2,42.4
9,19,14,28.29,643.2,40.6
9,19,15,28.51,612.5,41.6
9,19,16,28.05,511.5,44.2
9,19,17,27.42,390.2,47.3
9,19,18,26.6,256.3,49.8
9,19,19,25.09,109.6,58.4
9,19,20,23.14,8.8,64.7
9,19,21,22.07,0.0,68.4
9,19,22,21.34,0.0,71.6
9,19,23,20.89,0.0,73.4
9,20,0,19.88,0.0,77.1
9,20,1,19.33,0.0,76.9
9,20,2,18.44,0.0,81.2
9,20,3,18.56,0.0,79.9
9,20,4,18.34,0.0,80.4
9,20,5,17.88,0.0,81.5
9,20,6,17.47,0.0,82.9
9,20,7,17.47,0.0,82.9
9,20,8,17.63,19.2,83.4
9,20,9,19.4,140.2,74.8
9,20,10,21.52,298.8,63.4
9,20,11,23.4,455.8,53.9
9,20,12,24.95,565.6,47.5
9,20,13,26.18,642.3,44.2
9,20,14,27.1,672.5,42.0
9,20,15,27.34,625.6,41.2
9,20,16,27.55,543.8,40.0
9,20,17,26.94,413.5,42.3
9,20,18,26.06,266.0,44.5
9,20,19,24.36,110.1,50.8
9,20,20,22.39,7.8,55.1
9,20,21,21.22,0.0,59.1
9,20,22,20.5,0.0,63.1
9,20,23,19.81,0.0,65.6
9,21,0,19.28,0.0,65.8
9,21,1,18.42,0.0,69.4
9,21,2,18.12,0.0,70.7
9,21,3,18.14,0.0,70.5
9,21,4,17.9,0.0,70.8
9,21,5,17.45,0.0,71.0
9,21,6,17.02,0.0,72.7
9,21,7,17.04,0.0,72.2
9,21,8,16.98,16.9,74.3
9,21,9,18.75,122.3,65.3
9,21,10,20.6,273.3,57.2
9,21,11,22.19,432.2,51.4
9,21,12,23.54,546.5,46.9
9,21,13,24.45,569.7,44.5
9,21,14,25.07,574.1,42.5
9,21,15,25.11,529.0,41.6
9,21,16,25.24,478.5,41.1
9,21,17,25.07,393.4,41.7
9,21,18,24.21,257.0,45.2
9,21,19,22.74,104.7,53.3
9,21,20,20.95,6.8,58.5
9,21,21,19.95,0.0,62.7
9,21,22,18.9,0.0,68.8
9,21,23,18.34,0.0,71.7
9,22,0,17.49,0.0,75.4
9,22,1,17.37,0.0,73.9
9,22,2,16.87,0.0,75.0
9,22,3,16.89,0.0,75.3
9,22,4,16.5,0.0,75.4
9,22,5,15.62,0.0,78.4
9,22,6,15.65,0.0,78.0
9,22,7,15.59,0.0,77.8
9,22,8,15.73,17.1,78.4
9,22,9,17.47,134.5,71.6
9,22,10,19.38,302.3,63.2
9,22,11,21.16,454.6,55.9
9,22,12,22.79,574.1,49.8
9,22,13,24.25,651.6,44.6
9,22,14,25.17,645.2,41.3
9,22,15,25.56,615.1,39.1
9,22,16,25.6,524.5,38.9
9,22,17,25.25,396.3,39.9
9,22,18,24.46,242.7,42.4
9,22,19,22.75,96.3,50.0
9,22,20,20.61,5.9,55.3
9,22,21,19.54,0.0,59.6
9,22,22,18.56,0.0,63.5
9,22,23,18.09,0.0,66.0
9,23,0,17.42,0.0,68.4
9,23,1,16.63,0.0,72.1
9,23,2,15.93,0.0,76.1
9,23,3,15.54,0.0,77.7
9,23,4,15.71,0.0,76.7
9,23,5,15.3,0.0,77.6
9,23,6,14.76,0.0,80.2
9,23,7,14.54,0.0,81.0
9,23,8,14.88,17.4,80.1
9,23,9,17.03,143.8,72.9
9,23,10,19.43,316.3,61.0
9,23,11,21.29,455.8,54.1
9,23,12,23.17,610.1,47.8
9,23,13,24.85,701.2,42.2
9,23,14,25.86,700.5,39.3
9,23,15,26.19,623.6,37.6
9,23,16,26.59,550.4,37.5
9,23,17,26.4,434.3,38.4
9,23,18,25.49,256.9,41.5
9,23,19,23.39,99.8,50.0
9,23,20,21.35,5.1,55.1
9,23,21,20.15,0.0,60.0
9,23,22,19.18,0.0,64.2
9,23,23,18.68,0.0,67.2
9,24,0,18.31,0.0,68.4
9,24,1,17.61,0.0,71.6
9,24,2,17.47,0.0,72.0
9,24,3,16.9,0.0,74.6
9,24,4,15.97,0.0,77.6
9,24,5,15.53,0.0,79.8
9,24,6,15.44,0.0,80.0
9,24,7,15.46,0.0,80.0
9,24,8,15.69,15.7,81.3
9,24,9,17.53,129.9,75.4
9,24,10,19.88,292.1,64.1
9,24,11,21.82,443.6,56.9
9,24,12,23.58,563.0,51.8
9,24,13,25.19,625.9,47.0
9,24,14,26.23,627.6,44.9
9,24,15,26.48,569.7,44.2
9,24,16,26.43,479.7,45.0
9,24,17,25.91,366.4,46.7
9,24,18,24.91,221.8,51.0
9,24,19,22.84,80.7,61.5
9,24,20,21.3,3.9,68.2
9,24,21,20.58,0.0,70.7
9,24,22,19.59,0.0,73.9
9,24,23,19.42,0.0,72.3
9,25,0,18.75,0.0,73.9
9,25,1,17.95,0.0,76.0
9,25,2,17.58,0.0,77.4
9,25,3,17.31,0.0,79.5
9,25,4,16.41,0.0,82.5
9,25,5,16.23,0.0,82.8
9,25,6,16.38,0.0,81.1
9,25,7,16.58,0.0,79.6
9,25,8,16.26,14.2,81.3
9,25,9,17.93,124.6,75.2
9,25,10,19.78,262.0,65.8
9,25,11,21.53,408.1,59.1
9,25,12,23.15,526.6,52.7
9,25,13,24.55,604.0,47.5
9,25,14,25.61,637.1,43.8
9,25,15,26.03,609.3,41.5
9,25,16,26.02,499.0,42.8
9,25,17,25.49,365.9,45.2
9,25,18,24.56,222.5,48.9
9,25,19,22.69,84.3,56.5
9,25,20,20.93,3.1,62.9
9,25,21,19.93,0.0,66.1
9,25,22,19.36,0.0,68.2
9,25,23,18.78,0.0,70.8
9,26,0,18.25,0.0,73.9
9,26,1,17.7,0.0,77.4
9,26,2,17.32,0.0,80.4
9,26,3,17.05,0.0,78.9
9,26,4,16.65,0.0,80.8
9,26,5,16.65,0.0,80.1
9,26,6,16.73,0.0,79.1
9,26,7,16.68,0.0,78.9
9,26,8,16.59,10.3,80.0
9,26,9,18.09,97.1,73.3
9,26,10,19.9,233.9,65.3
9,26,11,21.54,356.6,57.8
9,26,12,22.98,460.6,52.1
9,26,13,24.18,547.5,48.9
9,26,14,25.12,576.0,46.2
9,26,15,25.13,558.7,45.9
9,26,16,25.43,431.6,44.2
9,26,17,25.09,342.8,44.6
9,26,18,24.26,207.5,47.5
9,26,19,22.54,74.4,55.5
9,26,20,20.71,2.6,60.1
9,26,21,19.53,0.0,66.2
9,26,22,19.06,0.0,68.2
9,26,23,18.41,0.0,70.9
9,27,0,17.85,0.0,74.0
9,27,1,16.99,0.0,78.1
9,27,2,16.54,0.0,79.8
9,27,3,17.12,0.0,77.2
9,27,4,16.2,0.0,79.9
9,27,5,16.35,0.0,79.6
9,27,6,15.78,0.0,82.0
9,27,7,15.51,0.0,82.9
9,27,8,15.59,12.0,84.0
9,27,9,17.41,121.3,76.7
9,27,10,19.59,283.9,65.3
9,27,11,21.34,418.2,56.6
9,27,12,23.03,540.2,50.3
9,27,13,24.26,598.1,46.0
9,27,14,25.14,629.0,43.2
9,27,15,25.51,603.0,41.3
9,27,16,25.63,507.3,41.3
9,27,17,25.22,370.8,42.6
9,27,18,24.37,228.0,46.0
9,27,19,22.48,83.0,55.1
9,27,20,21.01,2.1,59.9
9,27,21,20.21,0.0,64.3
9,27,22,18.94,0.0,69.8
9,27,23,18.55,0.0,72.3
9,28,0,17.73,0.0,74.9
9,28,1,17.31,0.0,77.9
9,28,2,16.76,0.0,80.7
9,28,3,17.21,0.0,77.7
9,28,4,17.23,0.0,76.4
9,28,5,16.94,0.0,77.8
9,28,6,16.63,0.0,79.2
9,28,7,16.74,0.0,78.9
9,28,8,16.16,10.8,83.6
9,28,9,17.76,107.9,77.8
9,28,10,19.87,254.6,66.6
9,28,11,21.47,385.2,60.7
9,28,12,23.0,506.5,55.3
9,28,13,24.24,569.4,50.6
9,28,14,24.98,582.6,47.6
9,28,15,25.12,546.5,45.6
9,28,16,25.0,437.4,45.1
9,28,17,24.38,332.6,47.3
9,28,18,23.47,197.7,50.9
9,28,19,21.63,66.6,60.0
9,28,20,20.41,1.5,64.6
9,28,21,19.5,0.0,68.9
9,28,22,19.06,0.0,70.5
9,28,23,18.31,0.0,74.2
9,29,0,17.63,0.0,77.7
9,29,1,17.31,0.0,79.2
9,29,2,16.89,0.0,81.7
9,29,3,16.73,0.0,84.3
9,29,4,16.58,0.0,85.6
9,29,5,16.49,0.0,85.3
9,29,6,16.34,0.0,85.7
9,29,7,15.98,0.0,87.2
9,29,8,15.9,9.8,87.9
9,29,9,17.59,107.3,80.2
9,29,10,19.54,246.5,70.8
9,29,11,21.31,376.3,61.9
9,29,12,22.79,475.0,54.5
9,29,13,23.86,525.8,48.8
9,29,14,24.84,566.5,45.0
9,29,15,24.46,528.2,46.2
9,29,16,24.68,395.7,43.4
9,29,17,24.37,306.6,44.1
9,29,18,23.57,190.9,47.3
9,29,19,21.71,65.1,54.6
9,29,20,20.25,1.1,60.2
9,29,21,19.12,0.0,65.3
9,29,22,18.99,0.0,64.1
9,29,23,18.58,0.0,65.1
9,30,0,17.86,0.0,68.6
9,30,1,17.27,0.0,71.1
9,30,2,17.22,0.0,70.7
9,30,3,16.68,0.0,73.6
9,30,4,16.29,0.0,76.7
9,30,5,16.29,0.0,76.4
9,30,6,16.02,0.0,77.0
9,30,7,15.6,0.0,78.5
9,30,8,15.21,8.2,81.2
9,30,9,16.51,90.0,76.4
9,30,10,18.33,209.1,67.3
9,30,11,19.92,331.8,60.0
9,30,12,21.04,414.1,55.9
9,30,13,22.08,472.0,52.1
9,30,14,22.91,491.4,49.6
9,30,15,22.93,467.5,49.6
9,30,16,23.2,399.9,49.5
9,30,17,22.88,301.4,50.0
9,30,18,21.98,180.3,53.4
9,30,19,20.19,56.8,61.5
9,30,20,18.92,0.7,66.2
9,30,21,18.15,0.0,68.6
9,30,22,17.65,0.0,70.3
9,30,23,17.05,0.0,72.9
10,1,0,16.65,0.0,76.3
10,1,1,16.05,0.0,79.4
10,1,2,15.99,0.0,79.2
10,1,3,15.89,0.0,79.4
10,1,4,15.52,0.0,81.0
10,1,5,15.38,0.0,80.5
10,1,6,14.99,0.0,81.0
10,1,7,14.73,0.0,82.9
10,1,8,14.8,8.5,83.5
10,1,9,16.41,104.6,76.9
10,1,10,18.59,257.0,64.5
10,1,11,20.33,399.8,57.3
10,1,12,21.94,521.0,51.5
10,1,13,23.18,579.4,47.3
10,1,14,24.12,588.0,43.8
10,1,15,24.64,559.9,42.4
10,1,16,24.89,474.7,42.0
10,1,17,24.35,344.0,44.4
10,1,18,23.24,216.1,51.2
10,1,19,21.6,69.1,54.9
10,1,20,19.59,1.0,63.4
10,1,21,18.68,0.0,66.1
10,1,22,17.86,0.0,70.0
10,1,23,17.27,0.0,72.2
10,2,0,16.74,0.0,74.0
10,2,1,16.72,0.0,73.2
10,2,2,16.24,0.0,74.8
10,2,3,15.42,0.0,81.4
10,2,4,15.02,0.0,82.4
10,2,5,15.05,0.0,82.2
10,2,6,14.71,0.0,82.4
10,2,7,14.91,0.0,80.3
10,2,8,14.94,9.1,80.4
10,2,9,16.52,114.0,75.8
10,2,10,18.88,267.4,65.6
10,2,11,20.78,421.0,56.1
10,2,12,22.29,544.9,49.8
10,2,13,23.52,608.4,45.5
10,2,14,24.4,618.9,42.4
10,2,15,24.9,591.3,40.1
10,2,16,24.97,498.4,40.4
10,2,17,24.6,373.5,41.6
10,2,18,23.46,219.6,47.0
10,2,19,21.43,66.4,54.7
10,2,20,19.91,0.1,60.6
10,2,21,18.83,0.0,65.0
10,2,22,17.76,0.0,71.0
10,2,23,17.13,0.0,73.9
10,3,0,16.57,0.0,76.3
10,3,1,16.57,0.0,76.0
10,3,2,16.65,0.0,75.1
10,3,3,16.33,0.0,77.0
10,3,4,15.83,0.0,79.7
10,3,5,15.32,0.0,82.6
10,3,6,15.02,0.0,83.4
10,3,7,15.02,0.0,82.9
10,3,8,14.93,7.7,84.1
10,3,9,16.52,101.5,77.9
10,3,10,18.62,250.8,68.1
10,3,11,20.27,377.6,61.7
10,3,12,21.86,501.5,57.0
10,3,13,23.36,569.3,51.9
10,3,14,24.33,578.7,49.1
10,3,15,24.8,558.6,48.3
10,3,16,24.8,412.7,49.3
10,3,17,24.31,331.1,51.2
10,3,18,23.45,194.7,55.2
10,3,19,21.21,59.6,65.7
10,3,20,19.81,0.0,71.2
10,3,21,18.71,0.0,75.5
10,3,22,18.04,0.0,78.9
10,3,23,17.48,0.0,80.9
10,4,0,16.95,0.0,83.3
10,4,1,16.66,0.0,84.3
10,4,2,16.18,0.0,86.1
10,4,3,16.05,0.0,87.4
10,4,4,15.7,0.0,88.1
10,4,5,15.21,0.0,89.3
10,4,6,15.15,0.0,88.2
10,4,7,14.83,0.0,87.2
10,4,8,14.76,6.9,86.4
10,4,9,16.19,97.8,81.7
10,4,10,18.48,243.7,71.9
10,4,11,20.31,396.1,63.5
10,4,12,21.88,500.5,57.6
10,4,13,22.99,557.0,54.0
10,4,14,23.89,575.5,49.6
10,4,15,24.38,576.9,46.8
10,4,16,24.75,479.0,45.5
10,4,17,24.47,338.8,46.5
10,4,18,23.66,195.6,51.4
10,4,19,21.68,56.8,57.3
10,4,20,19.77,0.0,65.9
10,4,21,18.77,0.0,68.0
10,4,22,18.06,0.0,69.6
10,4,23,16.99,0.0,72.7
10,5,0,16.33,0.0,74.6
10,5,1,16.02,0.0,75.8
10,5,2,15.74,0.0,77.2
10,5,3,15.55,0.0,79.9
10,5,4,14.92,0.0,81.9
10,5,5,14.91,0.0,83.1
10,5,6,14.73,0.0,84.6
10,5,7,14.67,0.0,84.6
10,5,8,14.78,6.6,83.8
10,5,9,15.96,93.4,79.7
10,5,10,18.08,232.8,69.9
10,5,11,19.87,368.4,62.7
10,5,12,21.56,492.1,56.9
10,5,13,23.12,573.3,51.7
10,5,14,24.34,615.1,47.3
10,5,15,24.56,546.1,46.6
10,5,16,24.75,456.7,46.2
10,5,17,24.15,318.4,48.6
10,5,18,23.0,181.5,54.2
10,5,19,21.02,49.2,61.3
10,5,20,19.42,0.0,68.6
10,5,21,18.67,0.0,72.0
10,5,22,17.51,0.0,76.8
10,5,23,16.66,0.0,79.5
10,6,0,16.74,0.0,77.2
10,6,1,16.12,0.0,79.1
10,6,2,15.61,0.0,81.2
10,6,3,15.49,0.0,83.6
10,6,4,15.08,0.0,83.7
10,6,5,15.24,0.0,83.8
10,6,6,15.24,0.0,83.0
10,6,7,14.8,0.0,83.3
10,6,8,14.79,5.4,82.6
10,6,9,16.15,86.2,77.1
10,6,10,18.31,225.3,68.0
10,6,11,20.36,373.2,58.5
10,6,12,21.94,466.9,51.5
10,6,13,23.17,515.8,46.8
10,6,14,23.99,530.0,44.0
10,6,15,23.89,476.6,44.5
10,6,16,24.27,439.2,43.3
10,6,17,23.86,324.3,45.1
10,6,18,22.91,183.0,50.5
10,6,19,21.25,46.1,54.5
10,6,20,19.45,0.0,61.0
10,6,21,18.48,0.0,64.2
10,6,22,17.74,0.0,69.4
10,6,23,17.52,0.0,71.0
10,7,0,16.88,0.0,74.9
10,7,1,16.34,0.0,75.6
10,7,2,15.7,0.0,75.5
10,7,3,16.04,0.0,72.5
10,7,4,15.93,0.0,72.0
10,7,5,15.36,0.0,74.6
10,7,6,15.04,0.0,76.6
10,7,7,14.68,0.0,78.1
10,7,8,14.2,4.7,81.8
10,7,9,15.62,81.2,77.1
10,7,10,17.35,202.0,69.7
10,7,11,18.9,328.0,63.5
10,7,12,20.1,410.6,58.9
10,7,13,21.2,464.2,53.5
10,7,14,21.78,458.7,51.4
10,7,15,21.3,390.7,58.2
10,7,16,20.96,287.2,61.8
10,7,17,20.53,200.9,64.7
10,7,18,19.68,117.2,70.0
10,7,19,18.32,30.4,71.7
10,7,20,17.38,0.0,73.1
10,7,21,16.87,0.0,73.7
10,7,22,16.67,0.0,74.5
10,7,23,16.32,0.0,76.0
10,8,0,15.84,0.0,77.5
10,8,1,15.05,0.0,81.4
10,8,2,14.82,0.0,81.7
10,8,3,14.62,0.0,82.5
10,8,4,14.57,0.0,83.6
10,8,5,14.33,0.0,84.5
10,8,6,14.43,0.0,83.3
10,8,7,14.26,0.0,83.2
10,8,8,13.99,3.6,84.3
10,8,9,15.08,68.1,80.2
10,8,10,16.81,192.2,72.8
10,8,11,18.43,332.2,62.9
10,8,12,19.74,430.0,57.5
10,8,13,20.78,489.7,53.0
10,8,14,21.52,508.1,50.0
10,8,15,22.02,495.3,47.7
10,8,16,22.19,402.2,47.3
10,8,17,22.02,314.2,48.3
10,8,18,20.94,168.1,55.3
10,8,19,19.01,42.5,58.2
10,8,20,17.51,0.0,64.3
10,8,21,16.65,0.0,66.6
10,8,22,16.06,0.0,68.5
10,8,23,15.57,0.0,70.8
10,9,0,15.16,0.0,73.0
10,9,1,15.12,0.0,73.0
10,9,2,14.91,0.0,73.6
10,9,3,14.75,0.0,75.6
10,9,4,14.29,0.0,77.3
10,9,5,14.09,0.0,78.5
10,9,6,13.89,0.0,80.3
10,9,7,13.72,0.0,81.0
10,9,8,13.37,3.7,82.3
10,9,9,15.2,77.1,76.4
10,9,10,17.25,207.6,67.5
10,9,11,18.68,330.2,62.1
10,9,12,19.99,428.5,57.7
10,9,13,21.33,538.1,52.6
10,9,14,22.23,554.6,50.0
10,9,15,22.61,509.0,48.1
10,9,16,22.81,406.0,48.7
10,9,17,22.53,304.5,50.9
10,9,18,21.64,163.5,59.3
10,9,19,19.64,38.0,64.6
10,9,20,18.47,0.0,70.7
10,9,21,17.69,0.0,73.7
10,9,22,16.97,0.0,76.1
10,9,23,16.23,0.0,79.1
10,10,0,15.99,0.0,79.9
10,10,1,15.6,0.0,81.5
10,10,2,15.18,0.0,84.6
10,10,3,14.79,0.0,86.0
10,10,4,14.07,0.0,88.1
10,10,5,13.96,0.0,88.4
10,10,6,14.15,0.0,87.3
10,10,7,14.01,0.0,87.6
10,10,8,13.8,3.3,89.1
10,10,9,15.27,70.3,84.2
10,10,10,17.15,193.3,76.1
10,10,11,18.79,319.0,69.7
10,10,12,20.26,416.3,64.4
10,10,13,21.48,467.8,60.4
10,10,14,22.38,480.2,56.8
10,10,15,22.7,443.8,55.0
10,10,16,22.93,355.8,54.5
10,10,17,22.54,242.7,56.2
10,10,18,21.56,131.5,61.9
10,10,19,19.28,31.3,68.7
10,10,20,18.11,0.0,73.0
10,10,21,17.5,0.0,75.5
10,10,22,16.83,0.0,78.2
10,10,23,16.47,0.0,79.9
10,11,0,15.78,0.0,82.7
10,11,1,15.96,0.0,80.8
10,11,2,15.46,0.0,82.7
10,11,3,15.51,0.0,85.4
10,11,4,15.25,0.0,87.0
10,11,5,15.01,0.0,88.3
10,11,6,15.26,0.0,87.3
10,11,7,15.2,0.0,86.8
10,11,8,15.11,2.5,87.2
10,11,9,16.14,62.1,83.3
10,11,10,17.62,162.6,78.0
10,11,11,19.1,280.0,72.0
10,11,12,20.26,358.2,67.6
10,11,13,21.59,433.7,63.3
10,11,14,22.6,453.7,58.5
10,11,15,23.03,428.5,57.0
10,11,16,23.06,354.5,58.0
10,11,17,22.76,275.7,58.7
10,11,18,21.9,143.4,64.0
10,11,19,19.54,31.8,73.0
10,11,20,18.48,0.0,78.1
10,11,21,17.73,0.0,82.2
10,11,22,16.89,0.0,85.9
10,11,23,16.62,0.0,87.7
10,12,0,16.36,0.0,89.3
10,12,1,16.29,0.0,88.3
10,12,2,16.04,0.0,88.9
10,12,3,15.6,0.0,91.9
10,12,4,15.56,0.0,91.3
10,12,5,15.47,0.0,91.0
10,12,6,15.39,0.0,88.9
10,12,7,15.42,0.0,88.2
10,12,8,15.27,2.2,89.9
10,12,9,16.27,69.5,85.7
10,12,10,18.11,192.7,77.6
10,12,11,19.77,333.0,68.7
10,12,12,21.14,429.8,60.7
10,12,13,22.27,482.0,54.5
10,12,14,23.02,495.6,50.4
10,12,15,23.31,463.7,49.1
10,12,16,23.63,406.3,48.0
10,12,17,23.19,292.6,49.0
10,12,18,22.1,162.0,54.7
10,12,19,19.89,32.7,62.0
10,12,20,18.5,0.0,66.9
10,12,21,17.44,0.0,69.5
10,12,22,16.22,0.0,74.7
10,12,23,15.4,0.0,78.3
10,13,0,14.86,0.0,80.6
10,13,1,14.49,0.0,82.0
10,13,2,14.27,0.0,83.8
10,13,3,13.97,0.0,84.8
10,13,4,13.89,0.0,84.7
10,13,5,14.01,0.0,83.7
10,13,6,13.94,0.0,84.0
10,13,7,13.46,0.0,85.8
10,13,8,12.89,2.7,87.6
10,13,9,14.44,84.5,81.4
10,13,10,16.71,238.3,69.7
10,13,11,18.73,399.4,60.2
10,13,12,20.36,523.8,53.1
10,13,13,21.75,598.5,47.4
10,13,14,22.76,615.9,43.5
10,13,15,23.18,572.6,41.1
10,13,16,23.44,463.5,40.8
10,13,17,23.11,332.2,41.6
10,13,18,21.82,165.1,52.2
10,13,19,19.13,31.4,58.9
10,13,20,18.24,0.0,62.1
10,13,21,17.33,0.0,66.5
10,13,22,16.69,0.0,70.0
10,13,23,16.17,0.0,72.0
10,14,0,15.4,0.0,74.8
10,14,1,14.97,0.0,77.7
10,14,2,14.74,0.0,79.1
10,14,3,14.76,0.0,80.8
10,14,4,14.27,0.0,82.3
10,14,5,14.2,0.0,82.8
10,14,6,13.93,0.0,84.6
10,14,7,13.95,0.0,83.5
10,14,8,13.82,1.7,83.9
10,14,9,14.7,67.4,81.9
10,14,10,16.72,190.4,73.1
10,14,11,18.5,306.5,64.7
10,14,12,19.94,406.2,58.4
10,14,13,21.0,464.4,54.5
10,14,14,21.72,465.8,51.6
10,14,15,22.05,428.4,49.6
10,14,16,22.22,363.8,49.0
10,14,17,21.83,259.2,49.7
10,14,18,20.6,131.8,56.3
10,14,19,18.7,24.1,63.0
10,14,20,17.62,0.0,67.6
10,14,21,16.98,0.0,69.3
10,14,22,16.33,0.0,71.1
10,14,23,15.84,0.0,72.7
10,15,0,15.43,0.0,73.7
10,15,1,14.99,0.0,75.8
10,15,2,14.83,0.0,77.3
10,15,3,14.42,0.0,78.8
10,15,4,14.37,0.0,78.7
10,15,5,14.26,0.0,79.3
10,15,6,14.2,0.0,79.3
10,15,7,14.19,0.0,79.9
10,15,8,14.03,1.6,80.7
10,15,9,15.08,66.8,77.9
10,15,10,16.89,193.2,70.4
10,15,11,18.44,312.2,64.0
10,15,12,19.82,405.4,59.1
10,15,13,20.93,449.4,55.4
10,15,14,21.83,483.7,52.5
10,15,15,22.3,470.3,50.3
10,15,16,22.61,400.1,49.8
10,15,17,22.13,280.0,51.7
10,15,18,20.83,145.8,60.8
10,15,19,18.37,25.4,66.7
10,15,20,17.69,0.0,69.4
10,15,21,17.0,0.0,71.5
10,15,22,16.47,0.0,73.2
10,15,23,15.75,0.0,76.1
10,16,0,15.65,0.0,76.3
10,16,1,15.14,0.0,78.7
10,16,2,14.15,0.0,84.0
10,16,3,14.09,0.0,85.9
10,16,4,14.17,0.0,85.1
10,16,5,13.62,0.0,87.7
10,16,6,13.58,0.0,87.4
10,16,7,13.48,0.0,87.6
10,16,8,13.36,1.7,87.4
10,16,9,14.66,69.4,82.7
10,16,10,16.74,188.0,71.4
10,16,11,18.47,311.4,63.8
10,16,12,19.79,399.9,58.8
10,16,13,21.01,478.2,55.6
10,16,14,22.0,507.3,52.7
10,16,15,22.23,475.4,52.4
10,16,16,22.63,382.2,50.7
10,16,17,22.45,266.9,50.9
10,16,18,21.12,139.6,62.9
10,16,19,19.28,23.8,64.8
10,16,20,17.78,0.0,69.9
10,16,21,16.73,0.0,72.4
10,16,22,16.02,0.0,74.6
10,16,23,15.6,0.0,77.2
10,17,0,14.82,0.0,83.9
10,17,1,14.1,0.0,88.7
10,17,2,14.12,0.0,89.3
10,17,3,13.9,0.0,89.4
10,17,4,13.79,0.0,88.8
10,17,5,14.01,0.0,88.7
10,17,6,13.8,0.0,89.0
10,17,7,13.49,0.0,89.7
10,17,8,13.42,1.1,89.6
10,17,9,14.63,56.7,85.6
10,17,10,16.22,167.5,77.6
10,17,11,17.77,292.4,69.8
10,17,12,19.02,372.4,64.1
10,17,13,20.11,422.9,59.2
10,17,14,20.96,448.0,55.5
10,17,15,21.05,404.5,55.5
10,17,16,21.27,328.0,55.2
10,17,17,21.04,238.9,56.6
10,17,18,19.8,120.2,64.8
10,17,19,17.64,18.9,71.1
10,17,20,16.54,0.0,75.6
10,17,21,15.91,0.0,77.3
10,17,22,15.39,0.0,78.7
10,17,23,15.2,0.0,78.5
10,18,0,14.43,0.0,80.2
10,18,1,14.19,0.0,80.3
10,18,2,13.94,0.0,81.7
10,18,3,13.87,0.0,83.2
10,18,4,13.3,0.0,85.4
10,18,5,13.32,0.0,84.6
10,18,6,13.08,0.0,85.3
10,18,7,13.28,0.0,84.4
10,18,8,13.09,0.8,84.7
10,18,9,14.16,58.4,79.6
10,18,10,15.99,175.5,71.7
10,18,11,17.67,305.0,64.5
10,18,12,19.09,399.1,58.5
10,18,13,20.31,472.6,54.1
10,18,14,21.07,467.5,51.2
10,18,15,21.11,437.4,51.3
10,18,16,21.22,363.3,51.4
10,18,17,20.87,240.7,52.2
10,18,18,19.72,120.3,59.2
10,18,19,17.7,20.1,65.5
10,18,20,15.93,0.0,72.9
10,18,21,15.33,0.0,74.9
10,18,22,14.97,0.0,75.8
10,18,23,14.25,0.0,79.8
10,19,0,13.92,0.0,81.6
10,19,1,13.58,0.0,83.2
10,19,2,13.36,0.0,84.5
10,19,3,13.86,0.0,83.2
10,19,4,13.93,0.0,82.1
10,19,5,13.83,0.0,82.4
10,19,6,13.28,0.0,84.0
10,19,7,13.19,0.0,84.0
10,19,8,13.02,0.7,84.2
10,19,9,13.81,49.9,80.9
10,19,10,15.45,157.8,73.9
10,19,11,17.09,277.1,66.5
10,19,12,18.71,400.8,60.2
10,19,13,20.09,469.5,55.2
10,19,14,21.05,475.7,51.6
10,19,15,21.32,438.7,49.7
10,19,16,21.51,359.8,49.8
10,19,17,21.12,243.8,51.4
10,19,18,19.82,117.6,60.6
10,19,19,18.26,17.4,62.8
10,19,20,16.77,0.0,69.6
10,19,21,16.01,0.0,72.4
10,19,22,15.29,0.0,75.7
10,19,23,14.43,0.0,80.0
10,20,0,13.76,0.0,83.9
10,20,1,13.58,0.0,85.4
10,20,2,13.32,0.0,87.1
10,20,3,13.58,0.0,83.8
10,20,4,13.2,0.0,83.0
10,20,5,13.42,0.0,82.0
10,20,6,13.27,0.0,82.3
10,20,7,13.12,0.0,83.5
10,20,8,13.13,0.7,84.0
10,20,9,13.87,55.0,82.1
10,20,10,15.76,173.5,73.9
10,20,11,17.6,310.7,66.1
10,20,12,19.14,402.9,60.9
10,20,13,20.36,455.7,57.8
10,20,14,21.25,481.3,54.7
10,20,15,21.66,452.9,52.2
10,20,16,21.69,361.2,52.7
10,20,17,21.34,259.6,54.4
10,20,18,19.85,125.3,65.1
10,20,19,17.61,17.0,71.2
10,20,20,16.59,0.0,75.7
10,20,21,15.66,0.0,79.7
10,20,22,14.74,0.0,82.2
10,20,23,14.04,0.0,84.0
10,21,0,13.81,0.0,85.0
10,21,1,13.51,0.0,86.6
10,21,2,13.07,0.0,88.0
10,21,3,13.2,0.0,85.7
10,21,4,13.03,0.0,85.9
10,21,5,12.89,0.0,86.2
10,21,6,12.63,0.0,86.2
10,21,7,12.12,0.0,87.2
10,21,8,12.38,0.7,85.7
10,21,9,13.01,55.3,84.4
10,21,10,14.9,177.6,77.5
10,21,11,16.99,322.0,67.2
10,21,12,18.71,440.3,61.6
10,21,13,20.0,496.8,57.4
10,21,14,21.0,495.2,54.1
10,21,15,21.44,453.9,51.6
10,21,16,21.74,380.8,50.6
10,21,17,21.3,269.0,53.0
10,21,18,19.67,123.1,64.8
10,21,19,17.9,14.9,68.1
10,21,20,16.93,0.0,72.8
10,21,21,16.13,0.0,75.0
10,21,22,15.16,0.0,80.1
10,21,23,14.81,0.0,81.1
10,22,0,14.35,0.0,82.0
10,22,1,13.54,0.0,86.5
10,22,2,12.94,0.0,88.9
10,22,3,13.01,0.0,90.5
10,22,4,12.89,0.0,90.7
10,22,5,12.84,0.0,89.7
10,22,6,12.94,0.0,89.9
10,22,7,13.04,0.0,89.0
10,22,8,12.9,0.0,89.3
10,22,9,13.52,44.4,86.8
10,22,10,15.17,150.6,80.5
10,22,11,16.81,272.3,74.5
10,22,12,18.36,362.3,68.2
10,22,13,19.7,419.3,62.7
10,22,14,20.71,440.5,59.0
10,22,15,21.03,429.6,57.1
10,22,16,21.34,351.2,55.8
10,22,17,21.12,242.6,56.4
10,22,18,19.51,112.8,67.3
10,22,19,17.66,13.3,70.3
10,22,20,16.71,0.0,73.6
10,22,21,15.36,0.0,77.9
10,22,22,14.99,0.0,80.2
10,22,23,14.52,0.0,82.8
10,23,0,14.06,0.0,84.9
10,23,1,13.73,0.0,86.4
10,23,2,13.66,0.0,87.5
10,23,3,13.21,0.0,90.1
10,23,4,13.0,0.0,90.1
10,23,5,12.97,0.0,89.6
10,23,6,12.4,0.0,90.9
10,23,7,12.34,0.0,90.5
10,23,8,12.53,0.0,89.8
10,23,9,13.36,44.4,88.5
10,23,10,15.07,147.8,83.2
10,23,11,16.82,264.0,74.9
10,23,12,18.38,363.7,67.9
10,23,13,19.69,404.8,62.8
10,23,14,20.76,446.4,59.3
10,23,15,21.05,423.9,58.0
10,23,16,21.28,332.7,57.8
10,23,17,21.04,227.2,58.5
10,23,18,19.41,105.2,68.2
10,23,19,17.74,12.3,70.6
10,23,20,17.03,0.0,72.5
10,23,21,16.47,0.0,73.8
10,23,22,15.64,0.0,78.0
10,23,23,14.49,0.0,82.7
10,24,0,14.41,0.0,83.2
10,24,1,13.85,0.0,85.2
10,24,2,13.43,0.0,86.1
10,24,3,13.27,0.0,86.3
10,24,4,12.93,0.0,85.1
10,24,5,12.61,0.0,84.0
10,24,6,12.53,0.0,83.0
10,24,7,12.53,0.0,81.2
10,24,8,12.51,0.0,80.4
10,24,9,13.21,55.1,78.9
10,24,10,15.13,185.0,71.2
10,24,11,17.04,320.9,61.5
10,24,12,18.76,436.5,53.9
10,24,13,20.11,499.0,49.0
10,24,14,21.03,504.9,46.6
10,24,15,21.54,474.4,45.2
10,24,16,21.67,382.5,45.3
10,24,17,21.21,258.4,47.9
10,24,18,19.54,115.4,57.9
10,24,19,17.61,13.0,60.7
10,24,20,15.95,0.0,66.5
10,24,21,14.72,0.0,71.7
10,24,22,13.93,0.0,74.8
10,24,23,13.19,0.0,77.3
10,25,0,13.23,0.0,74.4
10,25,1,12.77,0.0,77.2
10,25,2,12.84,0.0,78.2
10,25,3,12.89,0.0,76.7
10,25,4,12.39,0.0,78.0
10,25,5,12.21,0.0,77.7
10,25,6,11.68,0.0,80.8
10,25,7,11.6,0.0,81.4
10,25,8,11.5,0.0,82.0
10,25,9,12.69,47.5,77.7
10,25,10,14.59,168.6,70.7
10,25,11,16.02,284.6,64.2
10,25,12,17.41,385.4,58.7
10,25,13,18.5,461.9,55.6
10,25,14,19.32,472.1,53.9
10,25,15,20.09,446.0,50.3
10,25,16,20.38,377.2,49.3
10,25,17,20.02,255.7,51.0
10,25,18,18.3,112.7,62.6
10,25,19,16.98,10.9,63.7
10,25,20,15.83,0.0,67.8
10,25,21,14.94,0.0,70.6
10,25,22,13.81,0.0,76.0
10,25,23,12.97,0.0,79.4
10,26,0,12.31,0.0,82.7
10,26,1,12.16,0.0,82.1
10,26,2,12.22,0.0,81.4
10,26,3,11.53,0.0,83.0
10,26,4,11.23,0.0,83.8
10,26,5,10.91,0.0,84.3
10,26,6,10.9,0.0,83.5
10,26,7,10.56,0.0,84.0
10,26,8,10.17,0.0,84.8
10,26,9,11.31,53.1,82.9
10,26,10,13.78,188.3,74.4
10,26,11,15.99,325.1,63.5
10,26,12,17.78,440.7,56.4
10,26,13,19.29,517.4,51.1
10,26,14,20.49,546.7,47.6
10,26,15,21.01,507.3,45.4
10,26,16,21.22,411.2,46.7
10,26,17,20.86,277.5,48.7
10,26,18,18.97,122.5,60.5
10,26,19,16.41,10.9,66.3
10,26,20,14.94,0.0,72.9
10,26,21,13.83,0.0,78.8
10,26,22,13.64,0.0,79.0
10,26,23,13.23,0.0,80.4
10,27,0,12.79,0.0,82.0
10,27,1,11.97,0.0,85.8
10,27,2,11.68,0.0,87.1
10,27,3,11.44,0.0,88.0
10,27,4,10.7,0.0,88.9
10,27,5,11.15,0.0,86.3
10,27,6,11.48,0.0,84.2
10,27,7,11.25,0.0,84.3
10,27,8,10.64,0.0,85.9
10,27,9,11.52,54.4,85.5
10,27,10,13.88,194.2,77.5
10,27,11,16.21,342.0,65.7
10,27,12,18.06,447.9,58.2
10,27,13,19.51,515.6,53.0
10,27,14,20.37,517.4,51.7
10,27,15,20.79,476.8,50.5
10,27,16,20.82,375.6,51.9
10,27,17,20.28,249.6,55.6
10,27,18,18.11,106.8,69.6
10,27,19,16.72,8.7,71.0
10,27,20,15.54,0.0,75.7
10,27,21,14.66,0.0,80.4
10,27,22,14.06,0.0,82.6
10,27,23,13.59,0.0,84.6
10,28,0,13.12,0.0,86.6
10,28,1,12.74,0.0,87.9
10,28,2,12.26,0.0,88.4
10,28,3,12.37,0.0,89.3
10,28,4,11.59,0.0,90.8
10,28,5,11.78,0.0,89.7
10,28,6,12.09,0.0,88.1
10,28,7,12.19,0.0,84.5
10,28,8,12.1,0.0,84.5
10,28,9,12.67,37.3,81.8
10,28,10,14.26,142.2,76.6
10,28,11,15.69,251.3,69.9
10,28,12,16.95,347.3,63.8
10,28,13,18.15,413.4,58.5
10,28,14,19.11,423.2,54.1
10,28,15,19.48,389.2,52.5
10,28,16,20.04,331.9,50.7
10,28,17,19.72,224.6,52.3
10,28,18,18.02,97.0,61.3
10,28,19,16.27,7.6,66.1
10,28,20,15.33,0.0,70.2
10,28,21,14.68,0.0,73.2
10,28,22,14.32,0.0,73.9
10,28,23,13.69,0.0,76.5
10,29,0,13.26,0.0,78.7
10,29,1,12.53,0.0,81.6
10,29,2,12.53,0.0,81.3
10,29,3,12.54,0.0,81.6
10,29,4,11.56,0.0,85.1
10,29,5,11.13,0.0,86.1
10,29,6,11.17,0.0,85.1
10,29,7,11.11,0.0,84.8
10,29,8,10.89,0.0,85.0
10,29,9,11.68,44.0,83.8
10,29,10,13.75,168.3,75.7
10,29,11,15.84,306.3,65.3
10,29,12,17.45,412.6,58.3
10,29,13,18.76,477.0,53.5
10,29,14,19.61,477.4,50.5
10,29,15,19.9,450.8,49.4
10,29,16,20.19,370.0,48.7
10,29,17,19.7,244.2,52.1
10,29,18,18.09,101.3,59.9
10,29,19,16.74,7.3,63.1
10,29,20,14.85,0.0,72.7
10,29,21,14.28,0.0,74.4
10,29,22,13.6,0.0,76.8
10,29,23,12.93,0.0,78.7
10,30,0,12.18,0.0,81.2
10,30,1,11.74,0.0,83.2
10,30,2,11.71,0.0,82.5
10,30,3,12.1,0.0,79.8
10,30,4,11.24,0.0,82.7
10,30,5,10.81,0.0,84.7
10,30,6,10.57,0.0,84.8
10,30,7,10.33,0.0,85.2
10,30,8,10.36,0.0,85.0
10,30,9,11.48,41.7,82.1
10,30,10,13.97,170.5,72.5
10,30,11,16.17,322.1,62.0
10,30,12,17.69,421.0,55.1
10,30,13,18.89,493.4,50.1
10,30,14,19.74,511.2,46.8
10,30,15,20.05,472.6,45.4
10,30,16,19.98,376.8,45.7
10,30,17,19.51,251.0,48.1
10,30,18,17.8,104.3,56.2
10,30,19,15.7,6.6,61.6
10,30,20,14.97,0.0,63.5
10,30,21,13.77,0.0,68.1
10,30,22,12.5,0.0,73.3
10,30,23,11.58,0.0,77.0
10,31,0,11.37,0.0,76.8
10,31,1,10.96,0.0,78.6
10,31,2,10.78,0.0,80.7
10,31,3,11.22,0.0,79.0
10,31,4,11.02,0.0,79.4
10,31,5,10.76,0.0,80.3
10,31,6,10.19,0.0,82.3
10,31,7,9.6,0.0,84.9
10,31,8,9.59,0.0,84.5
10,31,9,10.54,41.9,82.0
10,31,10,13.05,169.8,74.0
10,31,11,15.18,301.8,62.9
10,31,12,16.74,412.8,56.4
10,31,13,17.92,459.7,52.7
10,31,14,18.71,481.1,50.5
10,31,15,19.1,448.0,49.3
10,31,16,19.33,365.5,48.1
10,31,17,18.91,240.3,50.5
10,31,18,16.9,96.0,60.5
10,31,19,14.86,5.7,65.5
10,31,20,13.84,0.0,69.1
10,31,21,12.8,0.0,72.7
10,31,22,12.18,0.0,74.7
10,31,23,11.88,0.0,75.9
11,1,0,11.77,0.0,76.2
11,1,1,10.89,0.0,80.4
11,1,2,10.76,0.0,80.8
11,1,3,11.16,0.0,77.9
11,1,4,10.64,0.0,79.1
11,1,5,9.9,0.0,82.2
11,1,6,9.81,0.0,82.6
11,1,7,10.05,0.0,81.3
11,1,8,9.44,0.0,83.4
11,1,9,10.07,39.0,82.8
11,1,10,12.48,164.3,73.8
11,1,11,14.61,300.9,64.0
11,1,12,16.31,420.7,57.0
11,1,13,17.62,489.2,52.6
11,1,14,18.58,498.6,49.6
11,1,15,18.97,452.7,47.6
11,1,16,19.09,348.6,47.5
11,1,17,18.62,230.1,49.0
11,1,18,16.86,93.5,57.4
11,1,19,14.76,5.1,65.0
11,1,20,13.47,0.0,70.5
11,1,21,13.08,0.0,72.3
11,1,22,12.45,0.0,75.4
11,1,23,12.04,0.0,77.9
11,2,0,11.47,0.0,80.9
11,2,1,10.54,0.0,86.3
11,2,2,10.32,0.0,87.2
11,2,3,9.83,0.0,89.2
11,2,4,9.58,0.0,88.3
11,2,5,9.85,0.0,87.6
11,2,6,10.07,0.0,86.7
11,2,7,9.78,0.0,87.2
11,2,8,9.83,0.0,86.4
11,2,9,10.34,32.6,84.8
11,2,10,12.27,142.5,78.1
11,2,11,14.04,244.5,70.1
11,2,12,15.68,340.2,64.2
11,2,13,17.12,420.7,59.3
11,2,14,18.29,468.5,55.4
11,2,15,18.7,422.7,53.0
11,2,16,19.28,347.4,51.2
11,2,17,18.9,228.4,54.5
11,2,18,17.22,93.5,62.4
11,2,19,15.57,4.3,68.1
11,2,20,14.58,0.0,72.3
11,2,21,13.62,0.0,75.7
11,2,22,12.9,0.0,78.4
11,2,23,12.28,0.0,81.2
11,3,0,11.89,0.0,82.9
11,3,1,11.5,0.0,83.7
11,3,2,10.78,0.0,85.3
11,3,3,10.5,0.0,86.6
11,3,4,10.51,0.0,85.3
11,3,5,10.55,0.0,84.3
11,3,6,10.24,0.0,85.3
11,3,7,10.03,0.0,85.4
11,3,8,9.51,0.0,86.9
11,3,9,10.22,32.5,85.9
11,3,10,12.53,146.7,79.8
11,3,11,14.93,276.8,68.9
11,3,12,16.93,392.3,61.7
11,3,13,18.59,454.1,56.4
11,3,14,19.79,461.8,52.9
11,3,15,20.24,416.3,52.2
11,3,16,20.57,331.2,51.7
11,3,17,20.07,206.4,57.0
11,3,18,18.44,78.8,64.2
11,3,19,16.25,3.5,71.0
11,3,20,15.51,0.0,73.3
11,3,21,15.09,0.0,73.6
11,3,22,14.56,0.0,75.7
11,3,23,13.64,0.0,80.4
11,4,0,12.73,0.0,84.6
11,4,1,12.47,0.0,85.1
11,4,2,12.04,0.0,85.6
11,4,3,12.49,0.0,83.7
11,4,4,12.0,0.0,86.0
11,4,5,12.02,0.0,85.5
11,4,6,11.49,0.0,87.0
11,4,7,11.21,0.0,88.2
11,4,8,11.04,0.0,89.1
11,4,9,11.77,22.7,87.4
11,4,10,13.53,106.5,80.7
11,4,11,15.02,188.7,74.7
11,4,12,16.28,291.7,69.0
11,4,13,17.48,343.2,64.8
11,4,14,18.47,379.1,60.4
11,4,15,18.88,349.6,58.1
11,4,16,19.02,297.3,57.3
11,4,17,18.51,184.0,59.7
11,4,18,16.79,73.4,68.8
11,4,19,15.02,3.3,75.0
11,4,20,14.16,0.0,77.7
11,4,21,13.31,0.0,79.6
11,4,22,13.1,0.0,80.8
11,4,23,12.63,0.0,83.0
11,5,0,12.35,0.0,83.3
11,5,1,12.3,0.0,81.9
11,5,2,11.59,0.0,83.8
11,5,3,11.6,0.0,84.9
11,5,4,11.15,0.0,86.5
11,5,5,10.73,0.0,88.4
11,5,6,10.63,0.0,89.5
11,5,7,10.76,0.0,88.3
11,5,8,10.91,0.0,87.1
11,5,9,10.94,25.6,88.8
11,5,10,12.75,121.6,81.6
11,5,11,14.66,241.0,73.5
11,5,12,16.37,337.1,65.8
11,5,13,17.71,396.1,60.4
11,5,14,18.71,414.8,56.9
11,5,15,19.03,375.0,55.4
11,5,16,19.17,310.9,54.9
11,5,17,18.74,214.7,57.4
11,5,18,16.8,78.8,68.2
11,5,19,15.08,2.8,74.5
11,5,20,13.99,0.0,78.9
11,5,21,13.38,0.0,81.0
11,5,22,12.69,0.0,83.3
11,5,23,12.7,0.0,83.6
11,6,0,11.94,0.0,87.9
11,6,1,11.54,0.0,90.1
11,6,2,10.93,0.0,93.5
11,6,3,10.68,0.0,94.5
11,6,4,10.79,0.0,92.8
11,6,5,10.52,0.0,93.2
11,6,6,10.64,0.0,91.6
11,6,7,10.57,0.0,91.4
11,6,8,10.43,0.0,91.2
11,6,9,10.93,26.5,90.3
11,6,10,13.13,134.2,81.0
11,6,11,15.14,261.9,72.1
11,6,12,16.79,366.4,65.9
11,6,13,18.1,430.5,61.0
11,6,14,19.15,445.1,57.3
11,6,15,19.59,401.4,55.5
11,6,16,19.76,321.1,55.5
11,6,17,19.11,200.9,59.7
11,6,18,17.49,74.8,66.7
11,6,19,15.8,2.4,73.1
11,6,20,14.63,0.0,76.8
11,6,21,13.82,0.0,79.7
11,6,22,14.0,0.0,78.4
11,6,23,13.04,0.0,82.7
11,7,0,12.5,0.0,84.7
11,7,1,12.25,0.0,86.1
11,7,2,11.82,0.0,87.6
11,7,3,11.72,0.0,86.9
11,7,4,10.78,0.0,89.4
11,7,5,11.02,0.0,88.0
11,7,6,11.15,0.0,86.9
11,7,7,10.87,0.0,86.7
11,7,8,10.68,0.0,86.5
11,7,9,11.07,25.2,85.1
11,7,10,12.97,127.8,79.5
11,7,11,15.02,249.2,70.7
11,7,12,16.56,342.5,64.3
11,7,13,17.81,404.9,60.0
11,7,14,18.78,423.1,57.0
11,7,15,19.08,381.1,57.2
11,7,16,19.22,300.6,56.7
11,7,17,18.78,190.9,59.8
11,7,18,16.77,70.3,68.8
11,7,19,15.53,2.0,72.1
11,7,20,15.11,0.0,73.6
11,7,21,14.25,0.0,76.5
11,7,22,14.04,0.0,77.3
11,7,23,13.32,0.0,80.4
11,8,0,12.51,0.0,84.1
11,8,1,12.17,0.0,85.6
11,8,2,11.68,0.0,87.5
11,8,3,11.88,0.0,87.5
11,8,4,11.94,0.0,85.7
11,8,5,11.92,0.0,85.5
11,8,6,11.83,0.0,85.9
11,8,7,11.65,0.0,86.2
11,8,8,11.31,0.0,87.0
11,8,9,11.4,21.2,89.1
11,8,10,13.12,113.5,85.8
11,8,11,15.0,218.2,77.7
11,8,12,16.41,298.5,71.9
11,8,13,17.47,344.1,67.9
11,8,14,18.23,355.9,65.5
11,8,15,18.56,338.6,63.4
11,8,16,18.74,261.4,62.9
11,8,17,18.23,162.8,65.5
11,8,18,16.38,61.2,73.6
11,8,19,14.74,1.6,78.4
11,8,20,14.11,0.0,80.3
11,8,21,13.56,0.0,82.4
11,8,22,13.05,0.0,84.2
11,8,23,12.46,0.0,86.9
11,9,0,12.08,0.0,88.6
11,9,1,11.56,0.0,90.6
11,9,2,11.35,0.0,91.1
11,9,3,10.89,0.0,91.4
11,9,4,11.15,0.0,89.9
11,9,5,10.96,0.0,90.2
11,9,6,10.25,0.0,91.9
11,9,7,9.71,0.0,93.4
11,9,8,9.35,0.0,94.2
11,9,9,9.98,22.8,92.9
11,9,10,11.76,127.3,89.0
11,9,11,13.82,245.6,80.1
11,9,12,15.68,360.3,71.1
11,9,13,17.16,439.3,63.6
11,9,14,18.05,439.7,59.4
11,9,15,18.15,386.0,58.4
11,9,16,18.42,293.6,57.8
11,9,17,18.05,201.5,60.1
11,9,18,15.76,71.8,70.0
11,9,19,14.32,1.8,73.5
11,9,20,13.44,0.0,75.1
11,9,21,12.33,0.0,78.6
11,9,22,12.19,0.0,77.8
11,9,23,11.23,0.0,80.8
11,10,0,10.5,0.0,82.9
11,10,1,10.2,0.0,82.9
11,10,2,10.19,0.0,83.0
11,10,3,10.09,0.0,83.2
11,10,4,9.41,0.0,85.2
11,10,5,9.38,0.0,84.4
11,10,6,9.62,0.0,82.5
11,10,7,9.71,0.0,82.4
11,10,8,9.98,0.0,79.7
11,10,9,10.11,17.7,81.5
11,10,10,11.75,97.8,77.8
11,10,11,13.54,181.6,72.1
11,10,12,14.91,260.4,67.0
11,10,13,16.05,314.3,61.7
11,10,14,16.89,353.4,57.9
11,10,15,17.23,324.7,57.8
11,10,16,17.61,267.7,56.9
11,10,17,17.04,166.5,59.9
11,10,18,15.11,59.3,69.0
11,10,19,13.41,1.0,75.2
11,10,20,12.74,0.0,76.3
11,10,21,11.5,0.0,83.3
11,10,22,11.49,0.0,84.3
11,10,23,11.49,0.0,84.4
11,11,0,10.91,0.0,86.4
11,11,1,10.49,0.0,87.6
11,11,2,10.38,0.0,87.8
11,11,3,10.01,0.0,89.6
11,11,4,10.07,0.0,88.7
11,11,5,9.95,0.0,88.1
11,11,6,9.3,0.0,89.3
11,11,7,9.33,0.0,87.1
11,11,8,9.22,0.0,86.4
11,11,9,9.48,17.6,86.8
11,11,10,10.97,111.4,82.5
11,11,11,13.06,223.1,73.1
11,11,12,14.69,330.8,67.8
11,11,13,15.92,386.5,63.7
11,11,14,16.88,408.5,60.5
11,11,15,17.28,371.6,58.2
11,11,16,17.41,297.9,57.2
11,11,17,16.93,177.4,60.1
11,11,18,15.25,60.9,68.0
11,11,19,13.17,0.9,75.2
11,11,20,12.17,0.0,78.4
11,11,21,11.69,0.0,79.4
11,11,22,11.51,0.0,79.7
11,11,23,10.95,0.0,81.2
11,12,0,10.46,0.0,80.9
11,12,1,10.2,0.0,80.7
11,12,2,10.16,0.0,78.9
11,12,3,10.04,0.0,79.2
11,12,4,9.39,0.0,81.8
11,12,5,9.46,0.0,81.6
11,12,6,9.41,0.0,80.5
11,12,7,9.05,0.0,82.8
11,12,8,8.49,0.0,85.9
11,12,9,9.1,17.9,86.2
11,12,10,11.28,113.7,78.3
11,12,11,13.37,233.7,70.3
11,12,12,15.01,347.6,64.3
11,12,13,16.3,395.4,60.1
11,12,14,17.23,401.3,57.4
11,12,15,17.28,325.2,56.8
11,12,16,17.45,248.6,57.4
11,12,17,16.98,153.4,61.4
11,12,18,15.24,53.4,71.6
11,12,19,14.11,0.5,73.7
11,12,20,13.49,0.0,76.0
11,12,21,13.0,0.0,78.5
11,12,22,12.22,0.0,82.5
11,12,23,11.52,0.0,85.8
11,13,0,11.28,0.0,87.2
11,13,1,11.1,0.0,88.1
11,13,2,10.89,0.0,88.6
11,13,3,10.73,0.0,88.4
11,13,4,10.73,0.0,88.7
11,13,5,10.59,0.0,88.9
11,13,6,10.47,0.0,88.4
11,13,7,9.89,0.0,89.5
11,13,8,9.85,0.0,88.7
11,13,9,10.0,16.4,88.6
11,13,10,11.61,111.5,84.1
11,13,11,13.41,222.4,77.2
11,13,12,14.91,308.8,70.5
11,13,13,16.0,361.0,65.7
11,13,14,16.91,371.9,62.7
11,13,15,16.98,318.0,61.2
11,13,16,17.28,262.0,61.2
11,13,17,16.75,161.6,65.0
11,13,18,15.09,54.0,70.5
11,13,19,13.72,0.6,75.3
11,13,20,12.99,0.0,77.8
11,13,21,12.33,0.0,79.7
11,13,22,11.87,0.0,81.6
11,13,23,11.46,0.0,83.0
11,14,0,10.81,0.0,85.4
11,14,1,10.73,0.0,85.7
11,14,2,10.62,0.0,85.8
11,14,3,10.48,0.0,84.9
11,14,4,9.82,0.0,87.8
11,14,5,9.72,0.0,87.7
11,14,6,9.6,0.0,87.5
11,14,7,9.43,0.0,87.3
11,14,8,9.5,0.0,86.9
11,14,9,9.64,13.8,87.2
11,14,10,11.16,93.7,82.7
11,14,11,12.71,200.4,76.2
11,14,12,14.06,287.6,71.5
11,14,13,15.3,357.7,66.6
11,14,14,16.21,368.8,63.3
11,14,15,16.72,346.8,61.0
11,14,16,17.0,278.1,60.4
11,14,17,16.55,170.7,62.2
11,14,18,15.06,57.0,69.5
11,14,19,13.71,0.7,75.2
11,14,20,12.76,0.0,78.9
11,14,21,11.66,0.0,82.4
11,14,22,11.08,0.0,84.3
11,14,23,11.04,0.0,83.0
11,15,0,10.45,0.0,85.5
11,15,1,10.21,0.0,85.5
11,15,2,10.06,0.0,85.5
11,15,3,10.06,0.0,85.1
11,15,4,9.66,0.0,85.1
11,15,5,9.62,0.0,85.0
11,15,6,9.39,0.0,86.2
11,15,7,9.34,0.0,86.6
11,15,8,9.3,0.0,86.5
11,15,9,9.51,11.8,86.8
11,15,10,11.0,85.8,80.9
11,15,11,12.58,172.4,74.6
11,15,12,13.74,253.7,69.7
11,15,13,14.68,291.8,66.1
11,15,14,15.34,303.5,63.0
11,15,15,15.69,280.6,62.3
11,15,16,15.84,228.7,61.9
11,15,17,15.27,134.4,63.9
11,15,18,13.66,47.3,70.5
11,15,19,12.3,0.4,77.3
11,15,20,11.87,0.0,78.2
11,15,21,11.7,0.0,78.6
11,15,22,11.12,0.0,82.1
11,15,23,10.77,0.0,83.1
11,16,0,10.62,0.0,82.8
11,16,1,10.03,0.0,85.2
11,16,2,9.73,0.0,87.8
11,16,3,9.66,0.0,86.7
11,16,4,9.3,0.0,88.0
11,16,5,9.02,0.0,88.5
11,16,6,8.8,0.0,88.3
11,16,7,8.45,0.0,89.0
11,16,8,8.32,0.0,88.6
11,16,9,8.45,13.5,88.7
11,16,10,9.84,97.5,84.0
11,16,11,11.5,199.5,73.9
11,16,12,13.0,293.3,67.0
11,16,13,14.09,344.6,62.7
11,16,14,15.03,374.0,60.0
11,16,15,15.16,334.5,59.5
11,16,16,15.37,239.2,59.7
11,16,17,14.86,147.3,63.7
11,16,18,13.48,47.8,68.8
11,16,19,11.82,0.0,76.4
11,16,20,10.99,0.0,78.9
11,16,21,10.42,0.0,81.1
11,16,22,9.96,0.0,83.0
11,16,23,9.53,0.0,85.6
11,17,0,9.24,0.0,86.7
11,17,1,9.15,0.0,86.5
11,17,2,9.0,0.0,85.9
11,17,3,9.13,0.0,84.2
11,17,4,9.08,0.0,84.2
11,17,5,9.02,0.0,84.3
11,17,6,8.89,0.0,85.3
11,17,7,8.88,0.0,85.2
11,17,8,8.6,0.0,86.0
11,17,9,8.84,11.0,86.0
11,17,10,10.06,87.2,82.2
11,17,11,11.79,178.0,73.6
11,17,12,13.07,260.2,68.9
11,17,13,14.19,342.9,65.0
11,17,14,15.06,349.6,61.8
11,17,15,15.14,302.9,63.3
11,17,16,14.92,220.0,65.3
11,17,17,14.45,129.0,68.2
11,17,18,13.15,41.2,74.5
11,17,19,11.78,0.0,81.9
11,17,20,11.52,0.0,81.4
11,17,21,11.41,0.0,82.8
11,17,22,11.34,0.0,83.1
11,17,23,11.04,0.0,84.6
11,18,0,10.74,0.0,85.1
11,18,1,10.67,0.0,85.1
11,18,2,10.22,0.0,87.7
11,18,3,9.84,0.0,90.3
11,18,4,9.32,0.0,92.5
11,18,5,9.29,0.0,92.7
11,18,6,9.37,0.0,90.9
11,18,7,9.02,0.0,91.4
11,18,8,8.99,0.0,90.2
11,18,9,9.08,8.0,90.5
11,18,10,10.19,81.4,87.7
11,18,11,11.58,175.1,79.2
11,18,12,12.89,266.2,73.1
11,18,13,14.09,337.2,68.6
11,18,14,14.94,369.0,65.6
11,18,15,15.32,334.9,65.4
11,18,16,15.41,258.5,64.9
11,18,17,14.9,160.4,67.2
11,18,18,13.0,49.6,76.4
11,18,19,11.89,0.0,80.6
11,18,20,11.5,0.0,81.4
11,18,21,11.42,0.0,81.2
11,18,22,10.89,0.0,82.0
11,18,23,10.02,0.0,84.1
11,19,0,9.57,0.0,85.4
11,19,1,9.32,0.0,84.9
11,19,2,8.9,0.0,84.7
11,19,3,9.31,0.0,82.9
11,19,4,8.76,0.0,83.1
11,19,5,8.3,0.0,85.4
11,19,6,8.29,0.0,85.1
11,19,7,7.71,0.0,85.5
11,19,8,7.51,0.0,85.1
11,19,9,7.8,12.2,85.8
11,19,10,9.74,105.1,78.5
11,19,11,11.67,229.5,71.2
11,19,12,13.39,339.0,64.8
11,19,13,14.82,409.2,59.6
11,19,14,15.79,416.9,56.6
11,19,15,16.23,384.9,55.9
11,19,16,16.39,295.8,56.1
11,19,17,15.65,181.8,61.5
11,19,18,13.77,54.9,67.1
11,19,19,12.44,0.0,70.9
11,19,20,11.62,0.0,73.7
11,19,21,10.32,0.0,78.6
11,19,22,10.17,0.0,78.1
11,19,23,9.63,0.0,79.8
11,20,0,9.14,0.0,81.1
11,20,1,9.26,0.0,80.0
11,20,2,8.54,0.0,83.6
11,20,3,8.9,0.0,82.2
11,20,4,8.61,0.0,84.0
11,20,5,8.73,0.0,83.5
11,20,6,8.43,0.0,85.0
11,20,7,8.67,0.0,84.7
11,20,8,8.35,0.0,85.2
11,20,9,8.43,9.3,83.5
11,20,10,10.18,88.8,78.0
11,20,11,12.03,194.8,71.6
11,20,12,13.49,282.6,67.7
11,20,13,14.52,327.9,65.5
11,20,14,15.07,343.6,64.8
11,20,15,15.1,322.2,64.5
11,20,16,15.32,242.5,64.6
11,20,17,14.74,146.1,71.4
11,20,18,13.64,45.5,72.5
11,20,19,12.44,0.0,76.5
11,20,20,11.99,0.0,77.5
11,20,21,11.21,0.0,80.3
11,20,22,10.99,0.0,80.5
11,20,23,10.1,0.0,83.6
11,21,0,9.62,0.0,85.3
11,21,1,8.94,0.0,87.5
11,21,2,8.73,0.0,87.5
11,21,3,8.77,0.0,86.1
11,21,4,8.45,0.0,87.6
11,21,5,8.38,0.0,86.7
11,21,6,8.59,0.0,85.6
11,21,7,8.38,0.0,86.1
11,21,8,8.32,0.0,85.8
11,21,9,8.12,9.1,84.5
11,21,10,9.6,87.2,79.9
11,21,11,11.54,201.9,73.4
11,21,12,13.15,309.4,65.2
11,21,13,14.15,346.4,60.6
11,21,14,15.07,367.7,57.1
11,21,15,15.44,339.0,55.5
11,21,16,15.32,234.9,57.0
11,21,17,14.71,149.6,62.6
11,21,18,13.14,44.8,66.6
11,21,19,11.84,0.0,70.5
11,21,20,11.4,0.0,70.3
11,21,21,10.36,0.0,73.4
11,21,22,10.18,0.0,72.5
11,21,23,9.9,0.0,73.0
11,22,0,9.44,0.0,74.3
11,22,1,9.02,0.0,76.9
11,22,2,8.83,0.0,78.0
11,22,3,8.48,0.0,78.0
11,22,4,7.86,0.0,81.1
11,22,5,7.82,0.0,81.3
11,22,6,7.61,0.0,82.7
11,22,7,7.56,0.0,81.7
11,22,8,7.66,0.0,82.1
11,22,9,7.85,7.1,82.4
11,22,10,9.72,76.2,77.0
11,22,11,11.34,163.7,71.0
11,22,12,12.66,226.1,68.0
11,22,13,13.67,267.8,66.0
11,22,14,14.38,282.1,64.8
11,22,15,14.42,266.9,67.1
11,22,16,14.22,193.3,68.3
11,22,17,13.72,110.0,72.0
11,22,18,12.24,36.4,79.7
11,22,19,11.39,0.0,81.7
11,22,20,11.11,0.0,82.1
11,22,21,10.58,0.0,84.4
11,22,22,10.24,0.0,85.9
11,22,23,10.07,0.0,87.6
11,23,0,9.98,0.0,87.6
11,23,1,9.91,0.0,87.6
11,23,2,9.68,0.0,87.4
11,23,3,9.33,0.0,89.0
11,23,4,9.49,0.0,87.7
11,23,5,9.1,0.0,85.7
11,23,6,8.79,0.0,85.3
11,23,7,8.55,0.0,85.8
11,23,8,8.11,0.0,87.2
11,23,9,8.08,8.2,87.5
11,23,10,9.76,89.5,83.7
11,23,11,11.31,195.4,78.7
11,23,12,12.8,283.9,71.6
11,23,13,13.76,340.5,66.5
11,23,14,14.45,343.2,64.1
11,23,15,14.72,308.5,62.1
11,23,16,14.83,239.0,62.3
11,23,17,14.29,138.2,66.0
11,23,18,12.24,40.1,74.8
11,23,19,11.46,0.0,78.0
11,23,20,11.01,0.0,79.9
11,23,21,10.59,0.0,81.3
11,23,22,10.53,0.0,81.0
11,23,23,10.13,0.0,82.5
11,24,0,9.63,0.0,83.4
11,24,1,9.11,0.0,84.7
11,24,2,8.81,0.0,85.4
11,24,3,8.3,0.0,86.2
11,24,4,7.89,0.0,87.8
11,24,5,7.85,0.0,87.6
11,24,6,7.66,0.0,87.8
11,24,7,7.57,0.0,88.1
11,24,8,7.54,0.0,87.7
11,24,9,7.68,6.2,87.7
11,24,10,9.01,77.1,83.4
11,24,11,10.58,171.6,78.3
11,24,12,12.12,268.6,72.5
11,24,13,13.32,326.6,67.6
11,24,14,14.23,333.6,64.3
11,24,15,14.56,315.7,63.7
11,24,16,14.54,228.6,64.1
11,24,17,13.94,133.3,69.6
11,24,18,11.95,39.2,77.5
11,24,19,11.29,0.0,79.6
11,24,20,10.62,0.0,81.4
11,24,21,10.13,0.0,82.4
11,24,22,9.86,0.0,83.1
11,24,23,9.02,0.0,86.0
11,25,0,8.65,0.0,86.4
11,25,1,8.31,0.0,86.8
11,25,2,8.12,0.0,86.3
11,25,3,8.44,0.0,84.5
11,25,4,7.9,0.0,86.5
11,25,5,7.81,0.0,86.1
11,25,6,7.5,0.0,86.6
11,25,7,7.38,0.0,86.1
11,25,8,7.11,0.0,86.7
11,25,9,7.42,5.4,86.3
11,25,10,8.95,62.9,80.5
11,25,11,10.32,135.3,76.1
11,25,12,11.74,229.1,70.3
11,25,13,12.73,273.3,66.8
11,25,14,13.6,309.6,63.5
11,25,15,13.65,276.0,63.7
11,25,16,13.01,198.9,65.3
11,25,17,12.23,110.3,72.2
11,25,18,10.82,31.7,75.8
11,25,19,9.86,0.0,80.4
11,25,20,9.69,0.0,81.3
11,25,21,9.03,0.0,83.7
11,25,22,8.69,0.0,83.3
11,25,23,8.29,0.0,84.2
11,26,0,8.02,0.0,83.6
11,26,1,7.9,0.0,82.5
11,26,2,7.6,0.0,83.2
11,26,3,7.4,0.0,82.9
11,26,4,7.17,0.0,81.7
11,26,5,7.06,0.0,81.4
11,26,6,6.98,0.0,81.5
11,26,7,6.95,0.0,81.4
11,26,8,6.83,0.0,81.7
11,26,9,6.66,5.7,83.2
11,26,10,7.96,76.1,79.6
11,26,11,9.6,183.5,72.8
11,26,12,10.96,288.3,68.0
11,26,13,12.07,344.7,64.5
11,26,14,12.95,357.5,62.2
11,26,15,13.06,331.0,62.6
11,26,16,13.28,248.5,62.8
11,26,17,12.5,150.6,69.2
11,26,18,10.7,43.7,74.6
11,26,19,9.68,0.0,78.8
11,26,20,8.99,0.0,79.7
11,26,21,8.3,0.0,82.4
11,26,22,7.77,0.0,83.5
11,26,23,7.27,0.0,86.7
11,27,0,6.86,0.0,87.5
11,27,1,6.6,0.0,88.5
11,27,2,6.38,0.0,89.0
11,27,3,7.0,0.0,87.1
11,27,4,6.61,0.0,87.5
11,27,5,6.6,0.0,87.8
11,27,6,6.82,0.0,86.5
11,27,7,7.02,0.0,85.7
11,27,8,6.83,0.0,85.8
11,27,9,6.81,4.2,85.9
11,27,10,8.1,67.2,82.4
11,27,11,9.67,159.9,77.5
11,27,12,10.97,231.0,74.0
11,27,13,11.94,263.9,71.9
11,27,14,12.69,278.6,69.3
11,27,15,12.86,255.1,67.3
11,27,16,12.95,202.0,68.3
11,27,17,12.2,127.1,71.3
11,27,18,10.38,33.8,76.7
11,27,19,9.3,0.0,80.0
11,27,20,8.93,0.0,81.0
11,27,21,8.59,0.0,81.7
11,27,22,8.05,0.0,83.0
11,27,23,7.94,0.0,83.7
11,28,0,7.71,0.0,84.4
11,28,1,7.8,0.0,84.2
11,28,2,7.74,0.0,84.3
11,28,3,7.58,0.0,83.8
11,28,4,7.53,0.0,81.6
11,28,5,7.28,0.0,83.0
11,28,6,7.2,0.0,84.2
11,28,7,6.97,0.0,84.7
11,28,8,6.95,0.0,84.4
11,28,9,6.8,4.0,85.7
11,28,10,7.96,59.6,82.6
11,28,11,9.3,152.7,77.1
11,28,12,10.44,228.4,74.3
11,28,13,11.53,288.3,71.0
11,28,14,12.23,287.1,68.2
11,28,15,12.57,276.7,68.0
11,28,16,12.59,210.8,66.7
11,28,17,11.6,127.4,71.7
11,28,18,10.3,33.9,76.8
11,28,19,9.29,0.0,81.4
11,28,20,8.8,0.0,81.3
11,28,21,8.29,0.0,82.8
11,28,22,7.8,0.0,83.3
11,28,23,7.57,0.0,83.4
11,29,0,7.25,0.0,83.5
11,29,1,6.97,0.0,83.8
11,29,2,6.73,0.0,83.9
11,29,3,6.53,0.0,84.9
11,29,4,6.32,0.0,85.5
11,29,5,6.47,0.0,83.0
11,29,6,6.01,0.0,83.9
11,29,7,6.16,0.0,82.7
11,29,8,5.71,0.0,83.1
11,29,9,5.89,4.0,81.9
11,29,10,7.08,65.9,79.6
11,29,11,8.86,159.5,73.0
11,29,12,10.15,246.0,67.4
11,29,13,11.0,288.5,63.9
11,29,14,11.6,290.0,62.3
11,29,15,11.68,262.9,61.8
11,29,16,11.48,198.4,63.9
11,29,17,10.75,120.2,69.4
11,29,18,8.87,33.5,75.6
11,29,19,8.06,0.0,77.7
11,29,20,7.64,0.0,78.5
11,29,21,7.47,0.0,78.9
11,29,22,7.53,0.0,77.6
11,29,23,7.29,0.0,78.5
11,30,0,6.78,0.0,81.2
11,30,1,6.4,0.0,81.3
11,30,2,5.86,0.0,82.3
11,30,3,5.98,0.0,82.9
11,30,4,5.73,0.0,82.6
11,30,5,5.81,0.0,80.0
11,30,6,5.79,0.0,78.6
11,30,7,5.63,0.0,78.9
11,30,8,5.51,0.0,79.1
11,30,9,5.41,3.2,80.2
11,30,10,6.21,51.3,78.3
11,30,11,7.43,124.6,74.0
11,30,12,8.45,182.8,70.5
11,30,13,9.26,229.0,68.1
11,30,14,9.97,255.8,65.2
11,30,15,10.24,239.9,64.9
11,30,16,10.29,191.5,64.9
11,30,17,9.86,113.4,67.6
11,30,18,8.57,31.1,71.6
11,30,19,7.93,0.0,72.4
11,30,20,7.24,0.0,74.3
11,30,21,6.47,0.0,77.6
11,30,22,5.96,0.0,79.6
11,30,23,5.48,0.0,80.9
12,1,0,5.19,0.0,82.1
12,1,1,5.17,0.0,81.0
12,1,2,5.04,0.0,79.9
12,1,3,5.25,0.0,76.1
12,1,4,5.09,0.0,77.5
12,1,5,4.93,0.0,78.6
12,1,6,4.84,0.0,78.4
12,1,7,4.96,0.0,78.3
12,1,8,5.01,0.0,77.9
12,1,9,4.96,2.9,78.1
12,1,10,5.95,61.1,77.1
12,1,11,7.48,145.9,72.6
12,1,12,9.04,231.7,67.4
12,1,13,10.06,278.2,65.2
12,1,14,10.87,290.7,63.4
12,1,15,11.26,266.2,63.9
12,1,16,11.65,200.5,62.8
12,1,17,10.97,112.5,69.8
12,1,18,9.45,29.9,73.1
12,1,19,8.59,0.0,75.1
12,1,20,7.97,0.0,76.6
12,1,21,7.57,0.0,78.0
12,1,22,7.37,0.0,78.5
12,1,23,7.06,0.0,79.4
12,2,0,7.03,0.0,80.3
12,2,1,6.72,0.0,81.0
12,2,2,6.65,0.0,80.9
12,2,3,6.4,0.0,82.7
12,2,4,6.37,0.0,82.3
12,2,5,6.31,0.0,82.6
12,2,6,6.0,0.0,82.9
12,2,7,5.69,0.0,83.8
12,2,8,5.57,0.0,83.7
12,2,9,5.63,2.8,83.4
12,2,10,6.61,64.2,81.5
12,2,11,8.33,156.8,75.8
12,2,12,9.85,245.2,72.1
12,2,13,11.28,319.9,69.0
12,2,14,12.33,332.1,66.9
12,2,15,12.37,292.8,68.6
12,2,16,12.47,215.7,68.9
12,2,17,11.76,125.1,72.8
12,2,18,9.53,32.5,81.3
12,2,19,8.56,0.0,83.2
12,2,20,8.32,0.0,83.9
12,2,21,7.71,0.0,86.4
12,2,22,7.44,0.0,87.1
12,2,23,7.21,0.0,87.1
12,3,0,7.15,0.0,87.1
12,3,1,7.08,0.0,86.6
12,3,2,6.81,0.0,87.0
12,3,3,6.53,0.0,88.7
12,3,4,6.23,0.0,88.6
12,3,5,6.2,0.0,88.9
12,3,6,6.51,0.0,87.1
12,3,7,6.58,0.0,86.2
12,3,8,6.55,0.0,86.4
12,3,9,6.24,2.7,88.1
12,3,10,7.5,63.8,85.0
12,3,11,9.22,157.2,80.5
12,3,12,10.89,249.5,74.7
12,3,13,12.08,308.3,69.0
12,3,14,12.78,311.8,66.4
12,3,15,13.22,277.4,65.4
12,3,16,13.13,206.2,66.4
12,3,17,12.16,106.8,73.0
12,3,18,10.34,27.4,79.2
12,3,19,9.26,0.0,81.3
12,3,20,8.94,0.0,81.1
12,3,21,8.69,0.0,79.9
12,3,22,8.56,0.0,79.6
12,3,23,8.12,0.0,80.7
12,4,0,8.03,0.0,81.1
12,4,1,7.77,0.0,81.9
12,4,2,7.7,0.0,82.4
12,4,3,7.71,0.0,82.3
12,4,4,7.7,0.0,82.3
12,4,5,7.48,0.0,82.6
12,4,6,7.17,0.0,82.8
12,4,7,6.6,0.0,84.1
12,4,8,6.34,0.0,85.9
12,4,9,6.29,1.9,86.4
12,4,10,7.18,43.1,84.4
12,4,11,8.37,103.7,79.5
12,4,12,9.32,160.4,75.9
12,4,13,10.07,197.4,72.8
12,4,14,10.74,242.5,70.0
12,4,15,10.5,200.7,71.5
12,4,16,10.51,136.5,71.9
12,4,17,10.21,98.2,72.2
12,4,18,9.08,24.2,76.8
12,4,19,8.77,0.0,76.8
12,4,20,8.11,0.0,79.6
12,4,21,7.82,0.0,80.1
12,4,22,7.45,0.0,82.6
12,4,23,7.14,0.0,82.0
12,5,0,6.9,0.0,82.0
12,5,1,6.91,0.0,81.5
12,5,2,6.81,0.0,82.7
12,5,3,6.82,0.0,82.9
12,5,4,7.07,0.0,83.3
12,5,5,6.49,0.0,85.8
12,5,6,6.57,0.0,85.3
12,5,7,6.68,0.0,84.8
12,5,8,6.25,0.0,86.6
12,5,9,6.15,1.2,88.1
12,5,10,7.33,35.8,84.7
12,5,11,8.59,103.0,80.9
12,5,12,9.81,170.6,76.4
12,5,13,10.68,222.6,73.6
12,5,14,11.22,240.6,71.9
12,5,15,11.29,233.2,71.2
12,5,16,11.38,176.6,70.1
12,5,17,10.81,104.5,73.4
12,5,18,9.16,30.1,80.3
12,5,19,8.21,0.0,83.2
12,5,20,7.64,0.0,83.3
12,5,21,7.19,0.0,84.3
12,5,22,7.28,0.0,83.2
12,5,23,6.93,0.0,83.7
12,6,0,6.63,0.0,84.8
12,6,1,6.13,0.0,86.8
12,6,2,5.96,0.0,87.0
12,6,3,6.04,0.0,87.2
12,6,4,5.95,0.0,87.8
12,6,5,6.08,0.0,86.4
12,6,6,6.13,0.0,86.2
12,6,7,5.94,0.0,86.6
12,6,8,6.08,0.0,86.8
12,6,9,5.97,1.4,87.8
12,6,10,7.16,47.6,84.7
12,6,11,8.43,134.4,79.7
12,6,12,9.57,212.2,75.8
12,6,13,10.48,267.5,73.1
12,6,14,11.14,275.3,71.4
12,6,15,11.5,274.2,70.8
12,6,16,11.68,217.1,71.3
12,6,17,11.26,128.8,75.6
12,6,18,9.49,34.7,82.3
12,6,19,8.4,0.0,85.5
12,6,20,8.0,0.0,85.6
12,6,21,7.43,0.0,87.0
12,6,22,7.13,0.0,87.8
12,6,23,6.82,0.0,88.9
12,7,0,6.82,0.0,88.1
12,7,1,6.48,0.0,89.0
12,7,2,6.24,0.0,89.7
12,7,3,6.28,0.0,87.9
12,7,4,6.24,0.0,88.5
12,7,5,6.03,0.0,89.1
12,7,6,5.82,0.0,88.7
12,7,7,5.66,0.0,88.9
12,7,8,5.39,0.0,89.6
12,7,9,5.39,1.5,89.1
12,7,10,6.41,52.4,86.1
12,7,11,8.09,145.3,81.7
12,7,12,9.57,220.4,76.8
12,7,13,10.66,265.3,73.0
12,7,14,11.09,259.9,70.9
12,7,15,11.51,250.6,65.9
12,7,16,11.72,233.4,66.0
12,7,17,10.69,131.1,71.9
12,7,18,9.17,32.1,74.5
12,7,19,8.2,0.0,76.1
12,7,20,7.59,0.0,77.4
12,7,21,6.97,0.0,78.1
12,7,22,6.78,0.0,78.6
12,7,23,6.17,0.0,80.0
12,8,0,5.69,0.0,80.4
12,8,1,5.73,0.0,79.3
12,8,2,5.49,0.0,79.6
12,8,3,5.17,0.0,79.3
12,8,4,4.83,0.0,81.1
12,8,5,4.84,0.0,80.2
12,8,6,4.57,0.0,80.6
12,8,7,4.38,0.0,80.6
12,8,8,4.22,0.0,81.2
12,8,9,4.13,1.7,82.4
12,8,10,5.04,65.7,81.4
12,8,11,6.87,175.8,74.0
12,8,12,8.71,280.6,66.6
12,8,13,10.14,352.2,60.5
12,8,14,11.27,370.4,57.1
12,8,15,11.98,350.6,56.4
12,8,16,12.0,273.2,57.8
12,8,17,10.66,149.2,66.4
12,8,18,8.97,40.6,69.2
12,8,19,7.69,0.0,74.9
12,8,20,6.4,0.0,81.2
12,8,21,6.09,0.0,81.2
12,8,22,6.21,0.0,79.7
12,8,23,5.77,0.0,81.6
12,9,0,5.46,0.0,82.8
12,9,1,5.18,0.0,83.7
12,9,2,4.65,0.0,85.4
12,9,3,4.52,0.0,87.2
12,9,4,4.62,0.0,85.1
12,9,5,4.14,0.0,87.4
12,9,6,3.66,0.0,89.9
12,9,7,3.49,0.0,90.3
12,9,8,3.51,0.0,89.7
12,9,9,3.37,1.5,89.6
12,9,10,4.61,61.9,87.7
12,9,11,6.89,173.4,81.1
12,9,12,8.92,274.4,73.7
12,9,13,10.64,344.6,68.1
12,9,14,11.74,353.5,65.6
12,9,15,12.06,325.6,66.6
12,9,16,12.23,250.3,68.1
12,9,17,11.49,147.0,73.5
12,9,18,9.74,37.4,79.7
12,9,19,9.02,0.0,80.9
12,9,20,8.38,0.0,83.1
12,9,21,7.72,0.0,85.6
12,9,22,7.22,0.0,87.6
12,9,23,6.68,0.0,88.7
12,10,0,6.45,0.0,89.9
12,10,1,6.57,0.0,89.6
12,10,2,6.47,0.0,89.6
12,10,3,6.02,0.0,90.0
12,10,4,5.76,0.0,91.2
12,10,5,5.81,0.0,90.4
12,10,6,5.67,0.0,89.5
12,10,7,5.53,0.0,88.4
12,10,8,5.3,0.0,88.3
12,10,9,5.09,1.0,87.6
12,10,10,6.11,55.7,85.0
12,10,11,7.82,137.4,81.9
12,10,12,9.6,231.2,75.6
12,10,13,10.92,300.0,71.1
12,10,14,11.8,315.4,67.7
12,10,15,12.08,287.9,65.8
12,10,16,11.73,199.8,66.5
12,10,17,10.95,111.7,70.4
12,10,18,9.43,29.6,75.3
12,10,19,8.75,0.0,76.2
12,10,20,8.2,0.0,77.6
12,10,21,7.34,0.0,80.9
12,10,22,6.91,0.0,81.3
12,10,23,6.9,0.0,80.0
12,11,0,6.41,0.0,81.6
12,11,1,6.21,0.0,82.0
12,11,2,5.72,0.0,83.3
12,11,3,5.59,0.0,82.9
12,11,4,5.23,0.0,83.5
12,11,5,5.42,0.0,83.1
12,11,6,4.66,0.0,86.4
12,11,7,4.74,0.0,86.2
12,11,8,4.5,0.0,87.4
12,11,9,4.06,0.8,88.6
12,11,10,5.49,53.2,84.9
12,11,11,7.42,148.7,78.8
12,11,12,9.12,225.4,72.6
12,11,13,10.34,276.3,68.1
12,11,14,11.15,301.0,66.4
12,11,15,11.51,273.5,63.8
12,11,16,11.79,219.5,63.3
12,11,17,11.0,130.4,71.2
12,11,18,9.45,33.1,72.9
12,11,19,8.09,0.0,77.1
12,11,20,7.39,0.0,78.9
12,11,21,6.91,0.0,80.2
12,11,22,6.61,0.0,81.0
12,11,23,6.01,0.0,83.0
12,12,0,5.57,0.0,83.9
12,12,1,5.4,0.0,84.1
12,12,2,5.16,0.0,84.3
12,12,3,5.48,0.0,81.5
12,12,4,5.0,0.0,82.8
12,12,5,4.83,0.0,82.8
12,12,6,4.37,0.0,84.6
12,12,7,4.26,0.0,85.4
12,12,8,3.87,0.0,86.2
12,12,9,3.58,1.0,86.8
12,12,10,5.07,60.6,83.0
12,12,11,7.16,166.9,77.7
12,12,12,9.21,278.3,69.0
12,12,13,10.55,331.5,63.5
12,12,14,11.57,353.2,59.8
12,12,15,12.28,324.6,57.5
12,12,16,12.34,248.4,58.1
12,12,17,11.58,145.9,64.0
12,12,18,9.76,40.6,68.1
12,12,19,8.16,0.0,72.8
12,12,20,7.4,0.0,74.9
12,12,21,6.81,0.0,77.1
12,12,22,6.22,0.0,78.9
12,12,23,5.72,0.0,80.7
12,13,0,5.2,0.0,82.8
12,13,1,4.98,0.0,82.8
12,13,2,4.84,0.0,82.8
12,13,3,4.39,0.0,85.2
12,13,4,4.04,0.0,86.0
12,13,5,4.06,0.0,84.9
12,13,6,3.79,0.0,86.0
12,13,7,3.76,0.0,85.1
12,13,8,3.61,0.0,84.1
12,13,9,3.71,0.7,82.7
12,13,10,4.91,52.7,77.8
12,13,11,6.62,156.9,71.3
12,13,12,8.22,256.8,64.5
12,13,13,9.41,327.4,58.8
12,13,14,10.21,345.1,56.5
12,13,15,10.06,305.2,59.3
12,13,16,9.67,207.2,62.7
12,13,17,9.13,126.0,66.2
12,13,18,7.76,31.4,71.4
12,13,19,6.71,0.0,75.1
12,13,20,6.2,0.0,77.2
12,13,21,5.66,0.0,80.3
12,13,22,5.15,0.0,82.8
12,13,23,4.71,0.0,85.1
12,14,0,4.43,0.0,85.8
12,14,1,4.33,0.0,85.4
12,14,2,4.29,0.0,85.8
12,14,3,4.71,0.0,84.9
12,14,4,5.23,0.0,83.5
12,14,5,5.08,0.0,85.7
12,14,6,4.99,0.0,85.0
12,14,7,4.96,0.0,84.9
12,14,8,4.87,0.0,85.2
12,14,9,4.74,0.4,86.2
12,14,10,5.32,37.7,84.7
12,14,11,6.67,110.6,80.7
12,14,12,8.03,178.5,75.8
12,14,13,9.17,232.7,72.0
12,14,14,10.17,263.7,68.1
12,14,15,10.37,248.3,70.3
12,14,16,10.36,165.4,71.6
12,14,17,9.61,92.0,77.6
12,14,18,8.54,25.6,80.3
12,14,19,7.46,0.0,84.2
12,14,20,7.23,0.0,84.3
12,14,21,6.52,0.0,87.7
12,14,22,6.31,0.0,89.4
12,14,23,6.27,0.0,90.1
12,15,0,6.18,0.0,90.3
12,15,1,5.9,0.0,89.7
12,15,2,5.44,0.0,91.7
12,15,3,5.64,0.0,91.2
12,15,4,5.71,0.0,90.5
12,15,5,5.52,0.0,90.3
12,15,6,5.17,0.0,90.2
12,15,7,4.99,0.0,89.8
12,15,8,4.68,0.0,89.8
12,15,9,4.17,0.5,90.5
12,15,10,5.28,49.5,88.5
12,15,11,7.21,149.0,83.2
12,15,12,9.01,245.2,77.0
12,15,13,10.42,305.5,72.0
12,15,14,11.48,326.9,68.1
12,15,15,11.57,299.9,67.5
12,15,16,11.84,233.0,67.3
12,15,17,11.0,132.0,73.9
12,15,18,9.19,35.8,79.2
12,15,19,7.99,0.0,83.4
12,15,20,7.52,0.0,84.5
12,15,21,6.99,0.0,85.4
12,15,22,6.45,0.0,85.9
12,15,23,5.69,0.0,88.0
12,16,0,5.12,0.0,89.1
12,16,1,4.72,0.0,89.6
12,16,2,4.27,0.0,90.0
12,16,3,4.56,0.0,89.1
12,16,4,4.76,0.0,88.2
12,16,5,4.54,0.0,89.0
12,16,6,4.75,0.0,88.3
12,16,7,4.57,0.0,89.0
12,16,8,4.33,0.0,89.0
12,16,9,4.13,0.1,89.9
12,16,10,5.5,44.6,86.3
12,16,11,7.42,133.9,81.1
12,16,12,9.02,214.1,75.2
12,16,13,10.04,267.9,71.9
12,16,14,10.52,276.7,68.3
12,16,15,10.44,235.5,68.6
12,16,16,10.56,177.9,68.3
12,16,17,10.2,103.1,71.1
12,16,18,8.69,28.9,77.6
12,16,19,7.51,0.0,81.7
12,16,20,7.18,0.0,82.8
12,16,21,6.81,0.0,82.9
12,16,22,6.33,0.0,84.3
12,16,23,6.05,0.0,84.4
12,17,0,5.47,0.0,86.2
12,17,1,5.26,0.0,86.1
12,17,2,5.16,0.0,87.7
12,17,3,5.08,0.0,87.4
12,17,4,4.96,0.0,87.3
12,17,5,5.06,0.0,87.7
12,17,6,4.86,0.0,86.9
12,17,7,4.64,0.0,86.8
12,17,8,4.39,0.0,87.5
12,17,9,4.26,0.0,87.4
12,17,10,5.25,44.1,85.7
12,17,11,6.93,130.5,80.1
12,17,12,8.09,204.5,75.4
12,17,13,9.03,253.2,72.0
12,17,14,9.99,296.7,68.8
12,17,15,10.36,260.2,67.5
12,17,16,10.6,236.5,66.1
12,17,17,9.94,152.0,71.1
12,17,18,8.19,42.1,75.2
12,17,19,6.51,0.0,80.4
12,17,20,5.76,0.0,82.9
12,17,21,5.69,0.0,81.1
12,17,22,5.58,0.0,80.0
12,17,23,5.14,0.0,80.1
12,18,0,4.67,0.0,82.1
12,18,1,4.29,0.0,82.4
12,18,2,3.95,0.0,82.7
12,18,3,3.69,0.0,84.4
12,18,4,3.25,0.0,88.3
12,18,5,3.25,0.0,88.0
12,18,6,3.18,0.0,88.2
12,18,7,3.03,0.0,88.0
12,18,8,2.97,0.0,87.3
12,18,9,2.92,0.0,87.7
12,18,10,4.2,48.2,83.7
12,18,11,6.0,152.9,76.5
12,18,12,7.65,244.4,68.8
12,18,13,8.86,308.2,64.9
12,18,14,9.59,317.5,62.4
12,18,15,10.04,309.3,61.7
12,18,16,10.2,232.1,61.4
12,18,17,9.59,140.4,67.1
12,18,18,7.55,40.5,72.4
12,18,19,6.88,0.0,73.2
12,18,20,6.49,0.0,74.3
12,18,21,5.84,0.0,76.2
12,18,22,5.36,0.0,76.7
12,18,23,4.7,0.0,78.3
12,19,0,4.3,0.0,79.2
12,19,1,3.66,0.0,80.0
12,19,2,3.22,0.0,79.9
12,19,3,3.1,0.0,81.5
12,19,4,2.25,0.0,84.4
12,19,5,2.37,0.0,82.6
12,19,6,2.16,0.0,82.7
12,19,7,2.0,0.0,82.3
12,19,8,1.92,0.0,82.3
12,19,9,1.68,0.0,82.6
12,19,10,2.86,53.3,80.2
12,19,11,5.24,174.9,72.4
12,19,12,7.32,284.9,63.1
12,19,13,8.81,357.4,56.9
12,19,14,9.77,379.2,53.6
12,19,15,10.13,351.3,53.3
12,19,16,10.33,274.6,53.9
12,19,17,9.56,163.7,62.3
12,19,18,7.69,44.9,66.2
12,19,19,6.45,0.0,69.4
12,19,20,5.64,0.0,71.7
12,19,21,5.0,0.0,73.8
12,19,22,4.82,0.0,74.1
12,19,23,4.21,0.0,77.0
12,20,0,3.55,0.0,80.1
12,20,1,2.83,0.0,83.0
12,20,2,2.68,0.0,82.8
12,20,3,2.2,0.0,84.2
12,20,4,2.38,0.0,83.8
12,20,5,2.06,0.0,84.3
12,20,6,1.92,0.0,85.3
12,20,7,2.01,0.0,85.0
12,20,8,2.16,0.0,84.6
12,20,9,2.02,0.0,86.0
12,20,10,3.2,51.2,83.4
12,20,11,5.36,159.8,76.8
12,20,12,7.26,264.8,68.8
12,20,13,8.76,336.4,63.5
12,20,14,9.84,357.7,60.5
12,20,15,10.36,338.0,57.3
12,20,16,10.36,251.2,58.3
12,20,17,9.42,152.5,64.9
12,20,18,7.26,43.7,73.0
12,20,19,5.69,0.0,78.5
12,20,20,4.8,0.0,81.6
12,20,21,3.97,0.0,83.6
12,20,22,4.01,0.0,82.9
12,20,23,3.73,0.0,83.4
12,21,0,3.53,0.0,83.1
12,21,1,3.02,0.0,84.3
12,21,2,2.72,0.0,85.5
12,21,3,2.5,0.0,84.6
12,21,4,2.75,0.0,83.6
12,21,5,2.75,0.0,83.6
12,21,6,2.44,0.0,86.5
12,21,7,2.41,0.0,87.8
12,21,8,1.82,0.0,88.8
12,21,9,1.74,0.0,88.4
12,21,10,2.99,41.0,86.9
12,21,11,4.8,132.8,80.3
12,21,12,6.35,211.4,73.6
12,21,13,7.55,267.8,68.8
12,21,14,8.45,287.1,65.3
12,21,15,8.82,277.7,64.9
12,21,16,9.22,220.3,63.4
12,21,17,8.42,131.8,70.0
12,21,18,6.22,40.8,76.2
12,21,19,5.11,0.0,78.2
12,21,20,4.71,0.0,77.6
12,21,21,4.06,0.0,78.8
12,21,22,3.62,0.0,80.1
12,21,23,3.05,0.0,82.1
12,22,0,2.84,0.0,82.9
12,22,1,2.77,0.0,82.1
12,22,2,2.5,0.0,82.6
12,22,3,2.12,0.0,84.3
12,22,4,1.6,0.0,85.2
12,22,5,1.56,0.0,85.1
12,22,6,1.54,0.0,84.1
12,22,7,1.31,0.0,84.5
12,22,8,1.0,0.0,85.9
12,22,9,1.09,0.0,84.5
12,22,10,2.37,46.4,81.2
12,22,11,4.35,148.5,74.3
12,22,12,6.27,259.7,67.3
12,22,13,7.87,340.5,62.9
12,22,14,9.07,361.2,59.5
12,22,15,9.42,317.0,57.6
12,22,16,9.66,262.7,59.1
12,22,17,8.67,153.9,65.8
12,22,18,6.75,43.3,71.6
12,22,19,5.71,0.0,75.2
12,22,20,5.1,0.0,77.0
12,22,21,4.54,0.0,78.3
12,22,22,4.19,0.0,79.1
12,22,23,3.11,0.0,83.8
12,23,0,2.57,0.0,85.0
12,23,1,2.21,0.0,85.1
12,23,2,2.21,0.0,83.7
12,23,3,1.87,0.0,85.1
12,23,4,1.22,0.0,85.3
12,23,5,1.08,0.0,86.4
12,23,6,0.84,0.0,86.6
12,23,7,0.55,0.0,87.4
12,23,8,0.43,0.0,86.9
12,23,9,0.36,0.0,87.0
12,23,10,1.99,51.5,83.5
12,23,11,4.53,172.6,77.1
12,23,12,7.01,279.2,68.6
12,23,13,9.07,361.5,61.3
12,23,14,10.38,380.4,57.2
12,23,15,11.21,353.5,53.2
12,23,16,11.18,274.1,54.6
12,23,17,9.91,169.7,64.2
12,23,18,7.81,47.9,69.8
12,23,19,5.91,0.0,74.5
12,23,20,5.05,0.0,77.1
12,23,21,4.86,0.0,77.0
12,23,22,4.51,0.0,77.2
12,23,23,4.37,0.0,76.5
12,24,0,3.7,0.0,79.2
12,24,1,2.98,0.0,81.6
12,24,2,2.63,0.0,82.3
12,24,3,2.32,0.0,82.5
12,24,4,2.13,0.0,82.5
12,24,5,1.88,0.0,85.1
12,24,6,1.96,0.0,84.4
12,24,7,1.0,0.0,86.2
12,24,8,1.37,0.0,85.9
12,24,9,1.86,0.0,84.3
12,24,10,2.74,45.4,83.9
12,24,11,5.58,161.7,73.0
12,24,12,8.01,272.4,63.3
12,24,13,9.85,350.4,56.8
12,24,14,11.07,380.1,53.4
12,24,15,11.67,371.0,53.7
12,24,16,11.72,290.2,54.8
12,24,17,10.14,175.8,64.6
12,24,18,7.78,48.2,71.1
12,24,19,7.35,0.0,71.5
12,24,20,5.97,0.0,75.2
12,24,21,5.71,0.0,77.7
12,24,22,5.1,0.0,79.8
12,24,23,4.58,0.0,81.4
12,25,0,4.31,0.0,81.9
12,25,1,4.14,0.0,81.1
12,25,2,3.57,0.0,82.5
12,25,3,3.59,0.0,81.7
12,25,4,2.98,0.0,84.6
12,25,5,2.61,0.0,85.2
12,25,6,2.61,0.0,84.1
12,25,7,2.3,0.0,84.9
12,25,8,1.99,0.0,85.0
12,25,9,1.75,0.0,84.4
12,25,10,3.25,48.3,81.3
12,25,11,5.9,168.6,74.1
12,25,12,8.39,277.7,63.7
12,25,13,10.16,342.6,57.7
12,25,14,11.47,370.3,54.5
12,25,15,11.99,342.1,52.5
12,25,16,11.9,274.0,56.3
12,25,17,10.68,164.9,63.3
12,25,18,8.43,49.2,68.9
12,25,19,7.41,0.0,70.9
12,25,20,6.06,0.0,73.7
12,25,21,5.15,0.0,76.6
12,25,22,4.99,0.0,76.7
12,25,23,4.41,0.0,77.9
12,26,0,4.16,0.0,79.0
12,26,1,3.93,0.0,80.6
12,26,2,4.06,0.0,79.2
12,26,3,3.85,0.0,79.7
12,26,4,3.24,0.0,81.3
12,26,5,2.86,0.0,82.8
12,26,6,2.71,0.0,83.4
12,26,7,3.05,0.0,82.3
12,26,8,2.8,0.0,83.3
12,26,9,2.54,0.0,83.8
12,26,10,3.54,44.1,83.9
12,26,11,5.76,147.9,76.6
12,26,12,8.16,248.8,67.2
12,26,13,9.87,319.4,61.4
12,26,14,11.01,343.6,57.5
12,26,15,11.55,296.1,57.4
12,26,16,11.17,237.4,60.7
12,26,17,9.78,148.7,70.8
12,26,18,7.12,45.5,78.0
12,26,19,5.91,0.0,80.6
12,26,20,5.86,0.0,79.6
12,26,21,6.13,0.0,79.0
12,26,22,5.84,0.0,80.2
12,26,23,5.34,0.0,82.6
12,27,0,4.81,0.0,83.5
12,27,1,4.6,0.0,83.9
12,27,2,4.16,0.0,84.5
12,27,3,3.45,0.0,86.1
12,27,4,3.76,0.0,86.4
12,27,5,3.71,0.0,85.6
12,27,6,3.61,0.0,87.0
12,27,7,3.03,0.0,88.2
12,27,8,2.69,0.0,89.1
12,27,9,2.57,0.0,88.9
12,27,10,3.59,40.7,87.7
12,27,11,5.8,145.0,81.6
12,27,12,7.94,248.8,74.7
12,27,13,9.45,322.0,68.8
12,27,14,10.6,347.0,64.1
12,27,15,11.12,314.5,62.5
12,27,16,11.27,233.6,64.0
12,27,17,10.23,148.7,71.8
12,27,18,8.26,45.2,75.5
12,27,19,7.17,0.0,78.0
12,27,20,5.95,0.0,81.5
12,27,21,5.13,0.0,83.2
12,27,22,4.54,0.0,84.0
12,27,23,3.81,0.0,84.7
12,28,0,3.2,0.0,85.7
12,28,1,3.17,0.0,85.4
12,28,2,3.14,0.0,85.7
12,28,3,2.92,0.0,85.8
12,28,4,2.91,0.0,84.6
12,28,5,2.7,0.0,85.1
12,28,6,2.37,0.0,85.8
12,28,7,2.07,0.0,87.5
12,28,8,2.02,0.0,87.9
12,28,9,2.12,0.0,87.1
12,28,10,2.88,48.5,85.5
12,28,11,5.51,166.5,77.5
12,28,12,7.73,279.0,69.9
12,28,13,9.28,355.6,64.1
12,28,14,10.26,378.7,59.6
12,28,15,10.93,353.0,57.2
12,28,16,10.92,264.8,58.5
12,28,17,9.8,165.5,66.3
12,28,18,7.84,50.4,71.3
12,28,19,7.22,0.0,71.9
12,28,20,6.33,0.0,73.4
12,28,21,5.83,0.0,74.0
12,28,22,5.54,0.0,75.0
12,28,23,5.11,0.0,76.8
12,29,0,4.69,0.0,78.4
12,29,1,4.03,0.0,79.8
12,29,2,3.95,0.0,79.1
12,29,3,4.66,0.0,76.9
12,29,4,3.9,0.0,80.6
12,29,5,3.72,0.0,80.8
12,29,6,3.76,0.0,80.5
12,29,7,3.43,0.0,82.0
12,29,8,2.4,0.0,84.0
12,29,9,3.16,0.0,81.7
12,29,10,4.43,48.0,79.4
12,29,11,6.64,163.0,73.2
12,29,12,8.65,275.7,66.5
12,29,13,10.22,347.0,61.8
12,29,14,11.4,376.4,56.5
12,29,15,12.12,354.4,54.3
12,29,16,12.1,292.3,55.7
12,29,17,11.23,183.7,61.5
12,29,18,9.07,59.0,67.8
12,29,19,7.47,0.0,71.9
12,29,20,6.38,0.0,74.9
12,29,21,5.38,0.0,78.4
12,29,22,5.23,0.0,78.3
12,29,23,4.86,0.0,80.2
12,30,0,4.41,0.0,80.6
12,30,1,4.36,0.0,80.2
12,30,2,3.4,0.0,81.5
12,30,3,3.8,0.0,79.6
12,30,4,3.52,0.0,81.9
12,30,5,2.68,0.0,83.2
12,30,6,2.18,0.0,84.1
12,30,7,2.33,0.0,82.6
12,30,8,2.57,0.0,81.0
12,30,9,2.26,0.0,81.7
12,30,10,3.52,45.2,80.6
12,30,11,5.82,151.6,74.1
12,30,12,7.34,239.4,67.9
12,30,13,8.65,326.6,62.3
12,30,14,9.74,366.3,58.3
12,30,15,10.47,346.0,56.0
12,30,16,10.43,260.6,57.5
12,30,17,9.58,165.9,65.3
12,30,18,7.57,53.0,68.6
12,30,19,6.27,0.0,71.6
12,30,20,5.82,0.0,72.3
12,30,21,4.52,0.0,76.9
12,30,22,4.33,0.0,76.2
12,30,23,3.37,0.0,79.6
12,31,0,3.13,0.0,79.7
12,31,1,2.6,0.0,82.5
12,31,2,2.23,0.0,83.4
12,31,3,2.29,0.0,83.2
12,31,4,2.39,0.0,84.9
12,31,5,2.29,0.0,84.3
12,31,6,1.8,0.0,85.3
12,31,7,1.37,0.0,86.4
12,31,8,1.25,0.0,85.9
12,31,9,1.22,0.0,85.2
12,31,10,2.69,42.2,82.2
12,31,11,4.8,146.2,75.5
12,31,12,6.76,257.5,66.7
12,31,13,8.36,351.4,60.9
12,31,14,9.56,392.5,56.6
12,31,15,10.33,376.0,51.3
12,31,16,10.35,291.3,50.8
12,31,17,9.46,174.5,60.4
12,31,18,7.34,58.6,65.0
12,31,19,6.06,0.6,68.9
12,31,20,5.75,0.0,69.2
12,31,21,4.38,0.0,73.3
12,31,22,4.05,0.0,72.8
12,31,23,3.88,0.0,71.6
